,Season,TeamId,avg_rank
0,2003,1102,156.03125
1,2003,1103,168.0
2,2003,1104,38.03125
3,2003,1105,308.96875
4,2003,1106,262.6875
5,2003,1107,301.9375
6,2003,1108,272.1875
7,2003,1110,171.5625
8,2003,1111,157.5
9,2003,1112,2.676470588235294
10,2003,1113,36.0
11,2003,1114,149.15625
12,2003,1115,319.34375
13,2003,1116,132.28125
14,2003,1117,184.28125
15,2003,1119,318.75
16,2003,1120,43.9375
17,2003,1122,94.96875
18,2003,1123,158.4375
19,2003,1124,106.03125
20,2003,1125,163.125
21,2003,1126,313.21875
22,2003,1127,209.59375
23,2003,1128,200.0
24,2003,1129,187.09375
25,2003,1130,49.90625
26,2003,1131,128.21875
27,2003,1132,173.84375
28,2003,1133,176.8125
29,2003,1135,149.3125
30,2003,1137,228.25
31,2003,1138,275.90625
32,2003,1139,41.0625
33,2003,1140,28.59375
34,2003,1141,45.6875
35,2003,1142,176.46875
36,2003,1143,36.40625
37,2003,1144,316.90625
38,2003,1145,231.25
39,2003,1147,248.9375
40,2003,1148,234.15625
41,2003,1149,244.40625
42,2003,1150,107.46875
43,2003,1151,115.34375
44,2003,1152,311.46875
45,2003,1153,42.4375
46,2003,1154,296.34375
47,2003,1155,103.6875
48,2003,1156,250.40625
49,2003,1157,258.625
50,2003,1158,93.6875
51,2003,1159,241.125
52,2003,1160,39.84375
53,2003,1161,83.03125
54,2003,1162,320.65625
55,2003,1163,27.5
56,2003,1164,273.4375
57,2003,1165,287.40625
58,2003,1166,20.735294117647058
59,2003,1168,247.3125
60,2003,1169,195.1875
61,2003,1170,238.8125
62,2003,1171,283.53125
63,2003,1172,138.375
64,2003,1173,21.676470588235293
65,2003,1174,167.625
66,2003,1175,238.3125
67,2003,1176,153.28125
68,2003,1177,67.0
69,2003,1178,93.28125
70,2003,1179,230.71875
71,2003,1180,111.9375
72,2003,1181,10.705882352941176
73,2003,1182,223.75
74,2003,1183,176.96875
75,2003,1184,267.3125
76,2003,1185,189.40625
77,2003,1186,120.25
78,2003,1187,152.46875
79,2003,1189,261.5625
80,2003,1190,125.59375
81,2003,1191,164.8125
82,2003,1192,261.0625
83,2003,1193,127.9375
84,2003,1194,289.75
85,2003,1196,9.823529411764707
86,2003,1197,236.96875
87,2003,1198,248.15625
88,2003,1199,86.125
89,2003,1200,289.5625
90,2003,1201,79.03125
91,2003,1202,225.4375
92,2003,1203,142.125
93,2003,1204,206.90625
94,2003,1205,294.875
95,2003,1206,137.0625
96,2003,1207,77.78125
97,2003,1208,12.666666666666666
98,2003,1209,216.125
99,2003,1210,65.125
100,2003,1211,43.09375
101,2003,1212,291.6875
102,2003,1214,216.6875
103,2003,1216,196.09375
104,2003,1217,226.6875
105,2003,1218,102.375
106,2003,1219,300.625
107,2003,1220,262.71875
108,2003,1221,65.21875
109,2003,1222,211.0625
110,2003,1224,270.40625
111,2003,1225,221.03125
112,2003,1226,183.96875
113,2003,1227,67.9375
114,2003,1228,10.5
115,2003,1229,220.78125
116,2003,1231,41.40625
117,2003,1232,256.46875
118,2003,1233,160.25
119,2003,1234,88.75
120,2003,1235,76.15625
121,2003,1236,271.1875
122,2003,1237,150.09375
123,2003,1238,278.34375
124,2003,1239,245.0
125,2003,1240,177.0625
126,2003,1241,222.96875
127,2003,1242,5.970588235294118
128,2003,1243,103.15625
129,2003,1245,77.40625
130,2003,1246,1.2647058823529411
131,2003,1247,173.78125
132,2003,1248,247.8125
133,2003,1249,241.25
134,2003,1250,224.5625
135,2003,1251,270.875
136,2003,1252,305.71875
137,2003,1253,298.4375
138,2003,1254,286.28125
139,2003,1256,186.28125
140,2003,1257,10.029411764705882
141,2003,1258,219.6875
142,2003,1259,312.40625
143,2003,1260,146.8125
144,2003,1261,26.6875
145,2003,1263,219.96875
146,2003,1264,61.375
147,2003,1265,200.71875
148,2003,1266,12.823529411764707
149,2003,1267,173.84375
150,2003,1268,25.88235294117647
151,2003,1269,193.65625
152,2003,1270,198.46875
153,2003,1271,319.5625
154,2003,1272,21.705882352941178
155,2003,1273,126.90625
156,2003,1274,140.15625
157,2003,1275,147.15625
158,2003,1276,67.4375
159,2003,1277,34.8125
160,2003,1278,76.59375
161,2003,1279,79.5
162,2003,1280,16.647058823529413
163,2003,1281,22.852941176470587
164,2003,1282,267.46875
165,2003,1283,104.59375
166,2003,1284,230.0625
167,2003,1285,205.75
168,2003,1286,231.28125
169,2003,1287,126.375
170,2003,1288,319.59375
171,2003,1289,320.875
172,2003,1290,248.90625
173,2003,1291,286.6875
174,2003,1292,139.5625
175,2003,1293,122.375
176,2003,1296,119.59375
177,2003,1298,289.9375
178,2003,1299,326.34375
179,2003,1301,50.3125
180,2003,1304,143.59375
181,2003,1305,93.5
182,2003,1306,307.03125
183,2003,1307,182.1875
184,2003,1308,92.875
185,2003,1309,179.5
186,2003,1310,150.375
187,2003,1311,320.6875
188,2003,1313,287.0
189,2003,1314,56.6875
190,2003,1317,249.65625
191,2003,1318,215.90625
192,2003,1319,196.4375
193,2003,1320,201.0625
194,2003,1321,156.875
195,2003,1322,302.6875
196,2003,1323,22.11764705882353
197,2003,1324,186.0625
198,2003,1325,146.6875
199,2003,1326,63.625
200,2003,1328,6.117647058823529
201,2003,1329,27.09090909090909
202,2003,1330,189.0
203,2003,1331,161.21875
204,2003,1332,35.59375
205,2003,1333,132.90625
206,2003,1334,193.71875
207,2003,1335,52.5
208,2003,1336,208.78125
209,2003,1337,143.28125
210,2003,1338,3.4411764705882355
211,2003,1339,214.0625
212,2003,1340,286.40625
213,2003,1341,223.6875
214,2003,1343,149.4375
215,2003,1344,58.25
216,2003,1345,36.84375
217,2003,1346,214.34375
218,2003,1347,293.15625
219,2003,1348,96.78125
220,2003,1349,101.34375
221,2003,1350,98.90625
222,2003,1351,221.46875
223,2003,1352,284.28125
224,2003,1353,120.75
225,2003,1354,209.5625
226,2003,1356,46.53125
227,2003,1357,301.5625
228,2003,1358,116.90625
229,2003,1359,208.6875
230,2003,1360,81.46875
231,2003,1361,106.1875
232,2003,1362,132.375
233,2003,1363,277.59375
234,2003,1364,131.625
235,2003,1365,208.65625
236,2003,1366,324.71875
237,2003,1368,256.96875
238,2003,1369,250.3125
239,2003,1371,55.8125
240,2003,1372,134.375
241,2003,1373,120.625
242,2003,1374,123.1875
243,2003,1375,158.53125
244,2003,1376,88.625
245,2003,1378,115.03125
246,2003,1379,149.40625
247,2003,1380,314.8125
248,2003,1381,260.25
249,2003,1382,110.78125
250,2003,1383,248.15625
251,2003,1384,249.21875
252,2003,1385,73.96875
253,2003,1386,24.5
254,2003,1387,65.6875
255,2003,1388,150.0625
256,2003,1389,246.6875
257,2003,1390,24.235294117647058
258,2003,1391,300.25
259,2003,1392,263.84375
260,2003,1393,13.088235294117647
261,2003,1394,246.15625
262,2003,1395,182.75
263,2003,1396,83.21875
264,2003,1397,50.875
265,2003,1398,323.96875
266,2003,1399,118.28125
267,2003,1400,7.205882352941177
268,2003,1401,89.6875
269,2003,1402,195.25
270,2003,1403,39.6875
271,2003,1404,213.59375
272,2003,1405,146.1875
273,2003,1406,316.46875
274,2003,1407,72.375
275,2003,1408,117.34375
276,2003,1409,57.09375
277,2003,1410,304.0
278,2003,1411,239.28125
279,2003,1412,72.625
280,2003,1414,111.875
281,2003,1415,278.28125
282,2003,1416,133.6875
283,2003,1417,122.1875
284,2003,1418,71.65625
285,2003,1419,247.25
286,2003,1420,302.53125
287,2003,1421,240.34375
288,2003,1422,274.09375
289,2003,1423,52.09375
290,2003,1424,51.4375
291,2003,1425,96.375
292,2003,1426,192.21875
293,2003,1427,259.71875
294,2003,1428,35.1875
295,2003,1429,90.34375
296,2003,1431,293.96875
297,2003,1433,123.46875
298,2003,1434,96.3125
299,2003,1435,103.125
300,2003,1436,153.125
301,2003,1437,74.40625
302,2003,1438,85.53125
303,2003,1439,164.96875
304,2003,1440,275.5625
305,2003,1441,279.3125
306,2003,1442,301.09375
307,2003,1443,56.0625
308,2003,1444,79.9375
309,2003,1447,158.15625
310,2003,1448,11.205882352941176
311,2003,1449,142.3125
312,2003,1450,208.53125
313,2003,1451,58.09375
314,2003,1452,113.21875
315,2003,1453,229.09375
316,2003,1454,48.15625
317,2003,1455,117.5
318,2003,1456,257.0
319,2003,1457,192.4375
320,2003,1458,19.794117647058822
321,2003,1459,208.59375
322,2003,1460,225.90625
323,2003,1461,76.21875
324,2003,1462,15.676470588235293
325,2003,1463,168.78125
326,2003,1464,268.875
327,2004,1102,45.21212121212121
328,2004,1103,174.03030303030303
329,2004,1104,35.09090909090909
330,2004,1105,287.9375
331,2004,1106,251.03125
332,2004,1107,309.0625
333,2004,1108,298.625
334,2004,1110,178.15625
335,2004,1111,238.84375
336,2004,1112,35.25714285714286
337,2004,1113,157.87878787878788
338,2004,1114,156.90625
339,2004,1115,325.78125
340,2004,1116,104.03030303030303
341,2004,1117,155.71875
342,2004,1119,320.53125
343,2004,1120,76.48484848484848
344,2004,1122,98.03125
345,2004,1123,148.78125
346,2004,1124,229.8125
347,2004,1125,92.45454545454545
348,2004,1126,314.65625
349,2004,1127,234.78125
350,2004,1128,153.375
351,2004,1129,61.27272727272727
352,2004,1130,31.647058823529413
353,2004,1131,89.12121212121212
354,2004,1132,183.46875
355,2004,1133,158.0
356,2004,1135,202.53125
357,2004,1137,216.0625
358,2004,1138,122.03125
359,2004,1139,146.06060606060606
360,2004,1140,33.54545454545455
361,2004,1141,277.5625
362,2004,1142,212.03125
363,2004,1143,107.51515151515152
364,2004,1144,314.71875
365,2004,1145,249.125
366,2004,1147,174.59375
367,2004,1148,221.53125
368,2004,1149,307.59375
369,2004,1150,33.54545454545455
370,2004,1151,130.3125
371,2004,1152,215.1875
372,2004,1153,12.416666666666666
373,2004,1154,310.875
374,2004,1155,105.18181818181819
375,2004,1156,298.46875
376,2004,1157,239.9375
377,2004,1158,111.24242424242425
378,2004,1159,248.40625
379,2004,1160,57.484848484848484
380,2004,1161,130.87878787878788
381,2004,1162,273.65625
382,2004,1163,7.5
383,2004,1164,237.71875
384,2004,1165,249.71875
385,2004,1166,71.24242424242425
386,2004,1168,219.25
387,2004,1169,178.6875
388,2004,1170,214.28125
389,2004,1171,320.8125
390,2004,1172,131.84375
391,2004,1173,52.696969696969695
392,2004,1174,140.71875
393,2004,1175,258.125
394,2004,1176,170.0625
395,2004,1177,47.81818181818182
396,2004,1178,95.6969696969697
397,2004,1179,173.875
398,2004,1180,101.9375
399,2004,1181,2.138888888888889
400,2004,1182,160.1875
401,2004,1183,294.71875
402,2004,1184,210.25
403,2004,1185,215.09375
404,2004,1186,128.21875
405,2004,1187,126.57575757575758
406,2004,1189,242.40625
407,2004,1190,64.33333333333333
408,2004,1191,231.15625
409,2004,1192,201.1875
410,2004,1193,118.59375
411,2004,1194,267.34375
412,2004,1196,19.0
413,2004,1197,268.59375
414,2004,1198,306.875
415,2004,1199,39.515151515151516
416,2004,1200,251.4375
417,2004,1201,109.66666666666667
418,2004,1202,168.84375
419,2004,1203,63.303030303030305
420,2004,1204,125.75
421,2004,1205,278.84375
422,2004,1206,87.75757575757575
423,2004,1207,136.84848484848484
424,2004,1208,54.121212121212125
425,2004,1209,117.63636363636364
426,2004,1210,10.722222222222221
427,2004,1211,6.333333333333333
428,2004,1212,296.4375
429,2004,1214,276.3125
430,2004,1216,269.28125
431,2004,1217,310.0625
432,2004,1218,83.81818181818181
433,2004,1219,216.125
434,2004,1220,152.25
435,2004,1221,205.65625
436,2004,1222,200.4375
437,2004,1224,316.5625
438,2004,1225,165.28125
439,2004,1226,242.625
440,2004,1227,69.87878787878788
441,2004,1228,17.77777777777778
442,2004,1229,193.34375
443,2004,1231,97.96969696969697
444,2004,1232,216.15625
445,2004,1233,219.09375
446,2004,1234,76.48484848484848
447,2004,1235,72.0909090909091
448,2004,1236,299.53125
449,2004,1237,122.71875
450,2004,1238,285.21875
451,2004,1239,255.8125
452,2004,1240,237.375
453,2004,1241,272.8125
454,2004,1242,21.583333333333332
455,2004,1243,96.96969696969697
456,2004,1245,67.9090909090909
457,2004,1246,4.305555555555555
458,2004,1247,195.21875
459,2004,1248,180.0
460,2004,1249,286.53125
461,2004,1250,194.40625
462,2004,1251,177.63636363636363
463,2004,1252,300.8125
464,2004,1253,287.9375
465,2004,1254,298.0625
466,2004,1256,133.84848484848484
467,2004,1257,21.61764705882353
468,2004,1258,171.5625
469,2004,1259,321.5625
470,2004,1260,221.78125
471,2004,1261,48.63636363636363
472,2004,1263,178.90625
473,2004,1264,54.57575757575758
474,2004,1265,295.15625
475,2004,1266,89.36363636363636
476,2004,1267,174.84375
477,2004,1268,20.61111111111111
478,2004,1269,196.78125
479,2004,1270,254.15625
480,2004,1271,318.28125
481,2004,1272,28.085714285714285
482,2004,1273,228.6875
483,2004,1274,136.45454545454547
484,2004,1275,108.125
485,2004,1276,61.42424242424242
486,2004,1277,43.05882352941177
487,2004,1278,147.78787878787878
488,2004,1279,107.12121212121212
489,2004,1280,7.583333333333333
490,2004,1281,59.39393939393939
491,2004,1282,174.6875
492,2004,1283,101.84375
493,2004,1284,160.40625
494,2004,1285,241.71875
495,2004,1286,212.34375
496,2004,1287,187.21875
497,2004,1288,294.71875
498,2004,1290,159.375
499,2004,1291,272.625
500,2004,1292,133.09375
501,2004,1293,57.15151515151515
502,2004,1296,245.59375
503,2004,1298,317.84375
504,2004,1299,324.25
505,2004,1301,12.527777777777779
506,2004,1304,69.81818181818181
507,2004,1305,31.21212121212121
508,2004,1306,283.84375
509,2004,1307,124.27272727272727
510,2004,1308,189.875
511,2004,1309,146.4375
512,2004,1310,106.59375
513,2004,1311,318.71875
514,2004,1313,299.75
515,2004,1314,16.63888888888889
516,2004,1317,207.125
517,2004,1318,173.03125
518,2004,1319,197.90625
519,2004,1320,75.42424242424242
520,2004,1321,106.78787878787878
521,2004,1322,270.78125
522,2004,1323,54.666666666666664
523,2004,1324,194.84375
524,2004,1325,216.71875
525,2004,1326,139.3939393939394
526,2004,1328,54.72727272727273
527,2004,1329,6.388888888888889
528,2004,1330,107.3125
529,2004,1331,145.0625
530,2004,1332,82.33333333333333
531,2004,1333,152.33333333333334
532,2004,1334,69.21212121212122
533,2004,1335,107.0
534,2004,1336,202.06060606060606
535,2004,1337,129.84848484848484
536,2004,1338,7.277777777777778
537,2004,1339,177.625
538,2004,1340,237.6875
539,2004,1341,313.40625
540,2004,1343,107.03030303030303
541,2004,1344,21.77777777777778
542,2004,1345,77.15151515151516
543,2004,1346,294.28125
544,2004,1347,278.53125
545,2004,1348,88.84848484848484
546,2004,1349,63.60606060606061
547,2004,1350,49.72727272727273
548,2004,1351,205.9375
549,2004,1352,251.09375
550,2004,1353,75.0909090909091
551,2004,1354,224.0625
552,2004,1356,31.2
553,2004,1357,267.1875
554,2004,1358,266.09375
555,2004,1359,244.65625
556,2004,1360,289.3125
557,2004,1361,119.9090909090909
558,2004,1362,140.03125
559,2004,1363,260.65625
560,2004,1364,136.8125
561,2004,1365,147.09375
562,2004,1366,315.375
563,2004,1368,182.78125
564,2004,1369,243.09375
565,2004,1371,32.72727272727273
566,2004,1372,156.625
567,2004,1373,203.5
568,2004,1374,155.78787878787878
569,2004,1375,193.8125
570,2004,1376,30.393939393939394
571,2004,1378,213.36363636363637
572,2004,1379,149.21212121212122
573,2004,1380,290.875
574,2004,1381,250.21875
575,2004,1382,239.78125
576,2004,1383,225.4375
577,2004,1384,253.5625
578,2004,1385,206.1875
579,2004,1386,3.3055555555555554
580,2004,1387,70.24242424242425
581,2004,1388,88.03125
582,2004,1389,151.03125
583,2004,1390,5.75
584,2004,1391,242.46875
585,2004,1392,284.375
586,2004,1393,23.944444444444443
587,2004,1394,195.96875
588,2004,1395,142.34375
589,2004,1396,93.87878787878788
590,2004,1397,72.78787878787878
591,2004,1398,281.875
592,2004,1399,223.8125
593,2004,1400,14.11111111111111
594,2004,1401,236.5625
595,2004,1402,262.96875
596,2004,1403,31.545454545454547
597,2004,1404,258.96875
598,2004,1405,98.81818181818181
599,2004,1406,278.71875
600,2004,1407,71.03030303030303
601,2004,1408,198.21212121212122
602,2004,1409,183.15151515151516
603,2004,1410,224.21875
604,2004,1411,282.21875
605,2004,1412,39.42424242424242
606,2004,1414,212.9375
607,2004,1415,209.0
608,2004,1416,75.12121212121212
609,2004,1417,138.93939393939394
610,2004,1418,71.36363636363636
611,2004,1419,271.34375
612,2004,1420,292.40625
613,2004,1421,290.40625
614,2004,1422,239.5
615,2004,1423,139.40625
616,2004,1424,77.3030303030303
617,2004,1425,121.12121212121212
618,2004,1426,199.90625
619,2004,1427,208.59375
620,2004,1428,38.72727272727273
621,2004,1429,38.94285714285714
622,2004,1431,45.484848484848484
623,2004,1433,69.21212121212122
624,2004,1434,139.63636363636363
625,2004,1435,23.441176470588236
626,2004,1436,137.53125
627,2004,1437,74.81818181818181
628,2004,1438,59.45454545454545
629,2004,1439,115.4375
630,2004,1440,314.125
631,2004,1441,226.1875
632,2004,1442,309.46875
633,2004,1443,133.4375
634,2004,1444,32.39393939393939
635,2004,1447,254.90625
636,2004,1448,15.944444444444445
637,2004,1449,58.21212121212121
638,2004,1450,130.54545454545453
639,2004,1451,174.0625
640,2004,1452,96.60606060606061
641,2004,1453,143.375
642,2004,1454,84.27272727272727
643,2004,1455,70.78787878787878
644,2004,1456,260.90625
645,2004,1457,212.125
646,2004,1458,13.222222222222221
647,2004,1459,278.5
648,2004,1460,173.25
649,2004,1461,132.9090909090909
650,2004,1462,36.05882352941177
651,2004,1463,217.53125
652,2004,1464,258.75
653,2005,1102,95.05555555555556
654,2005,1103,81.2
655,2005,1104,19.17948717948718
656,2005,1105,247.31428571428572
657,2005,1106,273.47058823529414
658,2005,1107,207.26470588235293
659,2005,1108,322.20588235294116
660,2005,1110,171.55882352941177
661,2005,1111,174.64705882352942
662,2005,1112,10.487179487179487
663,2005,1113,62.02777777777778
664,2005,1114,106.82352941176471
665,2005,1115,319.05882352941177
666,2005,1116,77.88888888888889
667,2005,1117,160.41176470588235
668,2005,1119,326.05882352941177
669,2005,1120,128.86111111111111
670,2005,1122,206.8235294117647
671,2005,1123,113.94285714285714
672,2005,1124,215.33333333333334
673,2005,1125,211.11764705882354
674,2005,1126,293.79411764705884
675,2005,1127,200.6764705882353
676,2005,1128,216.7058823529412
677,2005,1129,183.41666666666666
678,2005,1130,12.743589743589743
679,2005,1131,105.25714285714285
680,2005,1132,108.91428571428571
681,2005,1133,133.28571428571428
682,2005,1135,236.26470588235293
683,2005,1137,101.51428571428572
684,2005,1138,59.22857142857143
685,2005,1139,196.57142857142858
686,2005,1140,187.58333333333334
687,2005,1141,221.97058823529412
688,2005,1142,304.94117647058823
689,2005,1143,117.94444444444444
690,2005,1144,321.7647058823529
691,2005,1145,266.11764705882354
692,2005,1147,318.52941176470586
693,2005,1148,260.52941176470586
694,2005,1149,253.41176470588235
695,2005,1150,40.75
696,2005,1151,139.05714285714285
697,2005,1152,247.02941176470588
698,2005,1153,22.974358974358974
699,2005,1154,287.3529411764706
700,2005,1155,70.69444444444444
701,2005,1156,248.14705882352942
702,2005,1157,286.05882352941177
703,2005,1158,142.77142857142857
704,2005,1159,251.23529411764707
705,2005,1160,100.63888888888889
706,2005,1161,181.27777777777777
707,2005,1162,263.52941176470586
708,2005,1163,13.41025641025641
709,2005,1164,213.3235294117647
710,2005,1165,221.41176470588235
711,2005,1166,43.857142857142854
712,2005,1168,125.26470588235294
713,2005,1169,127.73529411764706
714,2005,1170,259.0
715,2005,1171,265.61764705882354
716,2005,1172,94.4
717,2005,1173,114.5
718,2005,1174,235.85294117647058
719,2005,1175,178.05714285714285
720,2005,1176,96.6470588235294
721,2005,1177,61.27777777777778
722,2005,1178,156.14705882352942
723,2005,1179,135.55882352941177
724,2005,1180,116.70588235294117
725,2005,1181,4.205128205128205
726,2005,1182,252.62857142857143
727,2005,1183,237.58823529411765
728,2005,1184,133.4
729,2005,1185,215.47058823529412
730,2005,1186,275.7647058823529
731,2005,1187,189.77777777777777
732,2005,1189,281.7647058823529
733,2005,1190,267.05882352941177
734,2005,1191,175.37142857142857
735,2005,1192,182.0857142857143
736,2005,1193,190.57142857142858
737,2005,1194,246.7058823529412
738,2005,1196,17.205128205128204
739,2005,1197,261.5882352941176
740,2005,1198,186.35294117647058
741,2005,1199,118.19444444444444
742,2005,1200,184.8
743,2005,1201,147.38888888888889
744,2005,1202,187.05882352941177
745,2005,1203,48.972972972972975
746,2005,1204,171.8235294117647
747,2005,1205,174.28571428571428
748,2005,1206,156.37142857142857
749,2005,1207,65.08333333333333
750,2005,1208,192.88888888888889
751,2005,1209,201.2058823529412
752,2005,1210,27.44736842105263
753,2005,1211,13.921052631578947
754,2005,1212,271.44117647058823
755,2005,1214,215.08823529411765
756,2005,1216,296.9117647058824
757,2005,1217,215.11764705882354
758,2005,1218,125.25
759,2005,1219,259.3235294117647
760,2005,1220,92.97142857142858
761,2005,1221,76.82857142857142
762,2005,1222,89.69444444444444
763,2005,1224,324.05882352941177
764,2005,1225,271.70588235294116
765,2005,1226,298.9117647058824
766,2005,1227,153.74285714285713
767,2005,1228,1.2820512820512822
768,2005,1229,112.85714285714286
769,2005,1231,57.333333333333336
770,2005,1232,171.85294117647058
771,2005,1233,204.3235294117647
772,2005,1234,31.555555555555557
773,2005,1235,48.138888888888886
774,2005,1236,295.94117647058823
775,2005,1237,162.55882352941177
776,2005,1238,282.97058823529414
777,2005,1239,228.11764705882354
778,2005,1240,308.1470588235294
779,2005,1241,305.11764705882354
780,2005,1242,8.102564102564102
781,2005,1243,71.02777777777777
782,2005,1245,80.28571428571429
783,2005,1246,9.307692307692308
784,2005,1247,214.97142857142856
785,2005,1248,282.5
786,2005,1249,171.6764705882353
787,2005,1250,239.55882352941177
788,2005,1251,239.35294117647058
789,2005,1252,228.94117647058823
790,2005,1253,239.8235294117647
791,2005,1254,259.9117647058824
792,2005,1255,327.5882352941176
793,2005,1256,151.13888888888889
794,2005,1257,9.307692307692308
795,2005,1258,164.23529411764707
796,2005,1259,310.94117647058823
797,2005,1260,183.08823529411765
798,2005,1261,29.72222222222222
799,2005,1263,204.64705882352942
800,2005,1264,188.45714285714286
801,2005,1265,256.88235294117646
802,2005,1266,82.47222222222223
803,2005,1267,221.85714285714286
804,2005,1268,52.361111111111114
805,2005,1269,131.88888888888889
806,2005,1270,239.76470588235293
807,2005,1271,328.05882352941177
808,2005,1272,80.30555555555556
809,2005,1273,214.23529411764707
810,2005,1274,63.44444444444444
811,2005,1275,59.714285714285715
812,2005,1276,132.75
813,2005,1277,15.820512820512821
814,2005,1278,36.833333333333336
815,2005,1279,124.25
816,2005,1280,36.916666666666664
817,2005,1281,77.08333333333333
818,2005,1282,166.6764705882353
819,2005,1283,63.02857142857143
820,2005,1284,209.35294117647058
821,2005,1285,167.65714285714284
822,2005,1286,228.58823529411765
823,2005,1287,285.6764705882353
824,2005,1288,276.2647058823529
825,2005,1290,270.3529411764706
826,2005,1291,314.38235294117646
827,2005,1292,126.3529411764706
828,2005,1293,147.28571428571428
829,2005,1294,305.3235294117647
830,2005,1296,165.35294117647058
831,2005,1298,298.88235294117646
832,2005,1299,316.9117647058824
833,2005,1301,39.166666666666664
834,2005,1304,89.25
835,2005,1305,39.30555555555556
836,2005,1306,274.20588235294116
837,2005,1307,41.30555555555556
838,2005,1308,285.11764705882354
839,2005,1309,189.64705882352942
840,2005,1310,121.34285714285714
841,2005,1311,318.8529411764706
842,2005,1313,272.55882352941177
843,2005,1314,2.282051282051282
844,2005,1317,190.91176470588235
845,2005,1318,99.79411764705883
846,2005,1319,268.1764705882353
847,2005,1320,51.08571428571429
848,2005,1321,105.08333333333333
849,2005,1322,145.38235294117646
850,2005,1323,56.916666666666664
851,2005,1324,193.62857142857143
852,2005,1325,70.11428571428571
853,2005,1326,46.27777777777778
854,2005,1328,13.153846153846153
855,2005,1329,7.512820512820513
856,2005,1330,49.97142857142857
857,2005,1331,79.91428571428571
858,2005,1332,78.63888888888889
859,2005,1333,88.41666666666667
860,2005,1334,26.736842105263158
861,2005,1335,84.45714285714286
862,2005,1336,219.27777777777777
863,2005,1337,118.74285714285715
864,2005,1338,29.864864864864863
865,2005,1339,141.82857142857142
866,2005,1340,175.73529411764707
867,2005,1341,323.0882352941176
868,2005,1343,152.28571428571428
869,2005,1344,89.16666666666667
870,2005,1345,157.11111111111111
871,2005,1346,301.44117647058823
872,2005,1347,282.0
873,2005,1348,266.8888888888889
874,2005,1349,81.58333333333333
875,2005,1350,146.91666666666666
876,2005,1351,150.8235294117647
877,2005,1352,249.41176470588235
878,2005,1353,144.38888888888889
879,2005,1354,206.23529411764707
880,2005,1356,27.65714285714286
881,2005,1357,321.5
882,2005,1358,169.41176470588235
883,2005,1359,209.52941176470588
884,2005,1360,111.71428571428571
885,2005,1361,168.27777777777777
886,2005,1362,99.37142857142857
887,2005,1363,263.44444444444446
888,2005,1364,215.61764705882354
889,2005,1365,132.54285714285714
890,2005,1366,328.4117647058824
891,2005,1368,129.68571428571428
892,2005,1369,196.5
893,2005,1371,127.33333333333333
894,2005,1372,275.79411764705884
895,2005,1373,298.11764705882354
896,2005,1374,138.05555555555554
897,2005,1375,233.64705882352942
898,2005,1376,76.27777777777777
899,2005,1378,148.97222222222223
900,2005,1379,218.80555555555554
901,2005,1380,286.20588235294116
902,2005,1381,241.58823529411765
903,2005,1382,310.1714285714286
904,2005,1383,261.1470588235294
905,2005,1384,237.64705882352942
906,2005,1385,144.08333333333334
907,2005,1386,73.25
908,2005,1387,178.36111111111111
909,2005,1388,32.2
910,2005,1389,187.2941176470588
911,2005,1390,41.75
912,2005,1391,266.61764705882354
913,2005,1392,242.7941176470588
914,2005,1393,15.051282051282051
915,2005,1394,150.2058823529412
916,2005,1395,91.91666666666667
917,2005,1396,95.16666666666667
918,2005,1397,95.47222222222223
919,2005,1398,202.6764705882353
920,2005,1399,164.55882352941177
921,2005,1400,35.30555555555556
922,2005,1401,48.22222222222222
923,2005,1402,256.79411764705884
924,2005,1403,27.236842105263158
925,2005,1404,305.94117647058823
926,2005,1405,101.54285714285714
927,2005,1406,305.44117647058823
928,2005,1407,242.0
929,2005,1408,223.02777777777777
930,2005,1409,209.41666666666666
931,2005,1410,274.7647058823529
932,2005,1411,302.05882352941177
933,2005,1412,51.55555555555556
934,2005,1413,253.08823529411765
935,2005,1414,175.88235294117646
936,2005,1415,270.02941176470586
937,2005,1416,130.4857142857143
938,2005,1417,40.19444444444444
939,2005,1418,70.74285714285715
940,2005,1419,305.6764705882353
941,2005,1420,280.0882352941176
942,2005,1421,260.61764705882354
943,2005,1422,163.02941176470588
944,2005,1423,128.88235294117646
945,2005,1424,90.41666666666667
946,2005,1425,115.02777777777777
947,2005,1426,260.61764705882354
948,2005,1427,201.44117647058823
949,2005,1428,23.128205128205128
950,2005,1429,51.6
951,2005,1430,222.35294117647058
952,2005,1431,44.083333333333336
953,2005,1433,113.25714285714285
954,2005,1434,181.5
955,2005,1435,57.47222222222222
956,2005,1436,54.34285714285714
957,2005,1437,17.0
958,2005,1438,79.11111111111111
959,2005,1439,89.36111111111111
960,2005,1440,311.6470588235294
961,2005,1441,297.8529411764706
962,2005,1442,236.14705882352942
963,2005,1443,85.88571428571429
964,2005,1444,87.22857142857143
965,2005,1447,247.11764705882354
966,2005,1448,4.897435897435898
967,2005,1449,6.17948717948718
968,2005,1450,91.02777777777777
969,2005,1451,229.76470588235293
970,2005,1452,34.05555555555556
971,2005,1453,147.54285714285714
972,2005,1454,48.97142857142857
973,2005,1455,54.2
974,2005,1456,283.94117647058823
975,2005,1457,91.2
976,2005,1458,18.692307692307693
977,2005,1459,216.35294117647058
978,2005,1460,163.97058823529412
979,2005,1461,110.97222222222223
980,2005,1462,105.91666666666667
981,2005,1463,212.17142857142858
982,2005,1464,312.8235294117647
983,2006,1102,52.51428571428571
984,2006,1103,79.57575757575758
985,2006,1104,55.77142857142857
986,2006,1105,270.1818181818182
987,2006,1106,289.46875
988,2006,1107,139.54545454545453
989,2006,1108,308.9375
990,2006,1110,235.4375
991,2006,1111,220.84375
992,2006,1112,39.64705882352941
993,2006,1113,149.97058823529412
994,2006,1114,204.96875
995,2006,1115,291.5
996,2006,1116,25.857142857142858
997,2006,1117,220.5
998,2006,1119,327.125
999,2006,1120,121.41176470588235
1000,2006,1122,174.28125
1001,2006,1123,222.1818181818182
1002,2006,1124,142.87878787878788
1003,2006,1125,155.8181818181818
1004,2006,1126,276.78125
1005,2006,1127,203.0625
1006,2006,1128,174.5
1007,2006,1129,161.23529411764707
1008,2006,1130,17.243243243243242
1009,2006,1131,221.15151515151516
1010,2006,1132,251.87878787878788
1011,2006,1133,41.794117647058826
1012,2006,1135,282.9375
1013,2006,1137,40.54545454545455
1014,2006,1138,134.66666666666666
1015,2006,1139,92.42424242424242
1016,2006,1140,75.79411764705883
1017,2006,1141,307.28125
1018,2006,1142,258.28125
1019,2006,1143,47.970588235294116
1020,2006,1144,294.9375
1021,2006,1145,233.5625
1022,2006,1147,320.53125
1023,2006,1148,175.625
1024,2006,1149,243.78125
1025,2006,1150,94.61764705882354
1026,2006,1151,187.40625
1027,2006,1152,229.625
1028,2006,1153,41.3235294117647
1029,2006,1154,315.03125
1030,2006,1155,64.48571428571428
1031,2006,1156,242.34375
1032,2006,1157,150.1875
1033,2006,1158,173.8181818181818
1034,2006,1159,289.75
1035,2006,1160,56.82857142857143
1036,2006,1161,139.88235294117646
1037,2006,1162,289.46875
1038,2006,1163,2.3783783783783785
1039,2006,1164,264.21875
1040,2006,1165,234.78125
1041,2006,1166,48.94117647058823
1042,2006,1168,193.24242424242425
1043,2006,1169,262.375
1044,2006,1170,184.25
1045,2006,1171,304.375
1046,2006,1172,117.24242424242425
1047,2006,1173,147.94117647058823
1048,2006,1174,235.84375
1049,2006,1175,164.96969696969697
1050,2006,1176,174.3030303030303
1051,2006,1177,87.38235294117646
1052,2006,1178,166.6969696969697
1053,2006,1179,159.47058823529412
1054,2006,1180,135.45454545454547
1055,2006,1181,1.4594594594594594
1056,2006,1182,297.54545454545456
1057,2006,1183,301.3125
1058,2006,1184,221.09375
1059,2006,1185,277.9375
1060,2006,1186,157.34375
1061,2006,1187,276.29411764705884
1062,2006,1189,191.4375
1063,2006,1190,242.96875
1064,2006,1191,175.11764705882354
1065,2006,1192,162.21212121212122
1066,2006,1193,220.40625
1067,2006,1194,240.3125
1068,2006,1196,10.08108108108108
1069,2006,1197,272.84375
1070,2006,1198,267.40625
1071,2006,1199,42.31428571428572
1072,2006,1200,130.02941176470588
1073,2006,1201,129.26470588235293
1074,2006,1202,221.84375
1075,2006,1203,22.56756756756757
1076,2006,1204,146.5625
1077,2006,1205,215.27272727272728
1078,2006,1206,41.78787878787879
1079,2006,1207,23.486486486486488
1080,2006,1208,102.41176470588235
1081,2006,1209,247.8125
1082,2006,1210,118.79411764705883
1083,2006,1211,17.405405405405407
1084,2006,1212,289.1875
1085,2006,1214,263.27272727272725
1086,2006,1216,256.75
1087,2006,1217,240.33333333333334
1088,2006,1218,100.70588235294117
1089,2006,1219,200.53125
1090,2006,1220,48.96969696969697
1091,2006,1221,122.54545454545455
1092,2006,1222,75.55882352941177
1093,2006,1224,313.0
1094,2006,1225,288.27272727272725
1095,2006,1226,213.34375
1096,2006,1227,147.06060606060606
1097,2006,1228,9.864864864864865
1098,2006,1229,188.88235294117646
1099,2006,1231,32.57142857142857
1100,2006,1232,151.61764705882354
1101,2006,1233,65.12121212121212
1102,2006,1234,11.91891891891892
1103,2006,1235,79.97058823529412
1104,2006,1236,276.125
1105,2006,1237,165.3125
1106,2006,1238,270.5
1107,2006,1239,331.0
1108,2006,1240,178.8125
1109,2006,1241,299.28125
1110,2006,1242,12.027027027027026
1111,2006,1243,90.08823529411765
1112,2006,1244,294.5806451612903
1113,2006,1245,57.06060606060606
1114,2006,1246,35.74285714285714
1115,2006,1247,99.97058823529412
1116,2006,1248,277.8125
1117,2006,1249,198.90625
1118,2006,1250,171.5
1119,2006,1251,314.71875
1120,2006,1252,177.875
1121,2006,1253,154.65625
1122,2006,1254,273.0625
1123,2006,1255,306.5483870967742
1124,2006,1256,85.82352941176471
1125,2006,1257,55.0
1126,2006,1258,151.6969696969697
1127,2006,1259,174.15625
1128,2006,1260,134.6969696969697
1129,2006,1261,15.837837837837839
1130,2006,1263,286.90625
1131,2006,1264,116.15151515151516
1132,2006,1265,110.40625
1133,2006,1266,32.74285714285714
1134,2006,1267,210.35294117647058
1135,2006,1268,50.65714285714286
1136,2006,1269,125.58823529411765
1137,2006,1270,218.75
1138,2006,1271,321.875
1139,2006,1272,5.513513513513513
1140,2006,1273,313.25
1141,2006,1274,67.55882352941177
1142,2006,1275,95.6969696969697
1143,2006,1276,43.22857142857143
1144,2006,1277,24.8
1145,2006,1278,74.5
1146,2006,1279,140.41176470588235
1147,2006,1280,107.76470588235294
1148,2006,1281,136.7941176470588
1149,2006,1282,244.34375
1150,2006,1283,37.588235294117645
1151,2006,1284,171.12121212121212
1152,2006,1285,82.66666666666667
1153,2006,1286,214.8181818181818
1154,2006,1287,320.75
1155,2006,1288,329.8125
1156,2006,1290,310.21875
1157,2006,1291,245.40625
1158,2006,1292,141.78787878787878
1159,2006,1293,77.54545454545455
1160,2006,1294,313.35483870967744
1161,2006,1295,192.06666666666666
1162,2006,1296,118.36363636363636
1163,2006,1298,300.3125
1164,2006,1299,320.03125
1165,2006,1301,32.97142857142857
1166,2006,1304,82.5
1167,2006,1305,26.18918918918919
1168,2006,1306,262.3125
1169,2006,1307,117.94117647058823
1170,2006,1308,114.02941176470588
1171,2006,1309,231.4375
1172,2006,1310,196.15625
1173,2006,1311,294.09375
1174,2006,1313,277.15625
1175,2006,1314,9.486486486486486
1176,2006,1316,329.03225806451616
1177,2006,1317,200.21875
1178,2006,1318,106.03030303030303
1179,2006,1319,135.1875
1180,2006,1320,36.44117647058823
1181,2006,1321,100.3529411764706
1182,2006,1322,78.12121212121212
1183,2006,1323,60.73529411764706
1184,2006,1324,271.21875
1185,2006,1325,105.18181818181819
1186,2006,1326,7.216216216216216
1187,2006,1328,31.324324324324323
1188,2006,1329,70.94117647058823
1189,2006,1330,75.39393939393939
1190,2006,1331,122.6969696969697
1191,2006,1332,102.91176470588235
1192,2006,1333,149.55882352941177
1193,2006,1334,82.6969696969697
1194,2006,1335,102.66666666666667
1195,2006,1336,91.3529411764706
1196,2006,1337,223.63636363636363
1197,2006,1338,11.567567567567568
1198,2006,1339,205.78787878787878
1199,2006,1340,197.78125
1200,2006,1341,331.78125
1201,2006,1343,224.75
1202,2006,1344,94.3529411764706
1203,2006,1345,151.5
1204,2006,1346,262.125
1205,2006,1347,214.65625
1206,2006,1348,142.02941176470588
1207,2006,1349,206.61764705882354
1208,2006,1350,193.35294117647058
1209,2006,1351,243.28125
1210,2006,1352,236.09375
1211,2006,1353,66.11764705882354
1212,2006,1354,248.3125
1213,2006,1355,282.4516129032258
1214,2006,1356,43.029411764705884
1215,2006,1357,266.59375
1216,2006,1358,141.3125
1217,2006,1359,135.40625
1218,2006,1360,130.0
1219,2006,1361,54.73529411764706
1220,2006,1362,171.54545454545453
1221,2006,1363,243.97058823529412
1222,2006,1364,194.09375
1223,2006,1365,169.72727272727272
1224,2006,1366,333.125
1225,2006,1368,186.0625
1226,2006,1369,305.5
1227,2006,1371,55.17142857142857
1228,2006,1372,205.8125
1229,2006,1373,135.53125
1230,2006,1374,214.05882352941177
1231,2006,1375,70.63636363636364
1232,2006,1376,53.61764705882353
1233,2006,1378,200.05882352941177
1234,2006,1379,241.14705882352942
1235,2006,1380,181.36363636363637
1236,2006,1381,274.1875
1237,2006,1382,251.87878787878788
1238,2006,1383,271.40625
1239,2006,1384,324.125
1240,2006,1385,113.88235294117646
1241,2006,1386,57.205882352941174
1242,2006,1387,108.17647058823529
1243,2006,1388,111.87878787878788
1244,2006,1389,148.25
1245,2006,1390,84.52941176470588
1246,2006,1391,273.1875
1247,2006,1392,316.75
1248,2006,1393,27.324324324324323
1249,2006,1394,152.84848484848484
1250,2006,1395,250.97058823529412
1251,2006,1396,75.70588235294117
1252,2006,1397,16.72972972972973
1253,2006,1398,201.65625
1254,2006,1399,159.90625
1255,2006,1400,6.054054054054054
1256,2006,1401,34.51428571428571
1257,2006,1402,325.46875
1258,2006,1403,107.91176470588235
1259,2006,1404,214.25
1260,2006,1405,119.96969696969697
1261,2006,1406,223.25
1262,2006,1407,204.09375
1263,2006,1408,210.11764705882354
1264,2006,1409,208.47058823529412
1265,2006,1410,325.09375
1266,2006,1411,318.3125
1267,2006,1412,38.22222222222222
1268,2006,1413,287.64516129032256
1269,2006,1414,163.06060606060606
1270,2006,1415,302.59375
1271,2006,1416,188.11764705882354
1272,2006,1417,11.594594594594595
1273,2006,1418,156.09375
1274,2006,1419,266.5
1275,2006,1420,283.5
1276,2006,1421,273.03125
1277,2006,1422,265.4375
1278,2006,1423,40.63636363636363
1279,2006,1424,97.20588235294117
1280,2006,1425,101.23529411764706
1281,2006,1426,212.34375
1282,2006,1427,247.4375
1283,2006,1428,144.1764705882353
1284,2006,1429,63.794117647058826
1285,2006,1430,242.96666666666667
1286,2006,1431,84.47058823529412
1287,2006,1433,103.48484848484848
1288,2006,1434,183.1818181818182
1289,2006,1435,62.44117647058823
1290,2006,1436,223.3030303030303
1291,2006,1437,3.5405405405405403
1292,2006,1438,81.38235294117646
1293,2006,1439,104.94117647058823
1294,2006,1440,316.8125
1295,2006,1441,241.0625
1296,2006,1442,307.71875
1297,2006,1443,71.75757575757575
1298,2006,1444,192.66666666666666
1299,2006,1447,248.25
1300,2006,1448,72.97058823529412
1301,2006,1449,22.18918918918919
1302,2006,1450,133.7941176470588
1303,2006,1451,246.78125
1304,2006,1452,24.16216216216216
1305,2006,1453,173.1818181818182
1306,2006,1454,63.96969696969697
1307,2006,1455,33.0
1308,2006,1456,258.0625
1309,2006,1457,87.60606060606061
1310,2006,1458,34.94285714285714
1311,2006,1459,259.5625
1312,2006,1460,179.0
1313,2006,1461,157.26470588235293
1314,2006,1462,65.38235294117646
1315,2006,1463,228.125
1316,2006,1464,279.8125
1317,2007,1102,41.25
1318,2007,1103,60.87179487179487
1319,2007,1104,56.95
1320,2007,1105,325.5128205128205
1321,2007,1106,311.6578947368421
1322,2007,1107,116.28205128205128
1323,2007,1108,317.36842105263156
1324,2007,1110,184.1315789473684
1325,2007,1111,68.28205128205128
1326,2007,1112,19.65
1327,2007,1113,173.05
1328,2007,1114,234.71052631578948
1329,2007,1115,291.10526315789474
1330,2007,1116,41.925
1331,2007,1117,188.89473684210526
1332,2007,1119,239.47368421052633
1333,2007,1120,88.825
1334,2007,1122,151.05263157894737
1335,2007,1123,238.28205128205127
1336,2007,1124,115.85
1337,2007,1125,122.58974358974359
1338,2007,1126,325.5
1339,2007,1127,240.57894736842104
1340,2007,1129,116.475
1341,2007,1130,39.475
1342,2007,1131,217.07692307692307
1343,2007,1132,224.35897435897436
1344,2007,1133,53.25
1345,2007,1135,231.92105263157896
1346,2007,1137,99.28205128205128
1347,2007,1138,208.64102564102564
1348,2007,1139,32.34146341463415
1349,2007,1140,32.54761904761905
1350,2007,1141,207.55263157894737
1351,2007,1142,140.42105263157896
1352,2007,1143,83.0
1353,2007,1144,265.5263157894737
1354,2007,1145,258.55263157894734
1355,2007,1146,294.34285714285716
1356,2007,1147,262.39473684210526
1357,2007,1148,162.55263157894737
1358,2007,1149,326.13157894736844
1359,2007,1150,148.675
1360,2007,1151,214.26315789473685
1361,2007,1152,231.68421052631578
1362,2007,1153,149.625
1363,2007,1154,314.5263157894737
1364,2007,1155,35.175
1365,2007,1156,241.78947368421052
1366,2007,1157,252.69230769230768
1367,2007,1158,115.53846153846153
1368,2007,1159,271.3157894736842
1369,2007,1160,198.775
1370,2007,1161,106.025
1371,2007,1162,198.97368421052633
1372,2007,1163,86.7
1373,2007,1164,276.2105263157895
1374,2007,1165,181.78947368421052
1375,2007,1166,29.390243902439025
1376,2007,1168,155.66666666666666
1377,2007,1169,233.10526315789474
1378,2007,1170,280.07894736842104
1379,2007,1171,275.5
1380,2007,1172,46.69230769230769
1381,2007,1173,99.0
1382,2007,1174,302.13157894736844
1383,2007,1175,164.56410256410257
1384,2007,1176,323.38461538461536
1385,2007,1177,63.875
1386,2007,1178,184.23076923076923
1387,2007,1179,104.425
1388,2007,1180,64.46153846153847
1389,2007,1181,17.975
1390,2007,1182,214.53846153846155
1391,2007,1183,296.39473684210526
1392,2007,1184,161.07894736842104
1393,2007,1185,214.3684210526316
1394,2007,1186,192.6153846153846
1395,2007,1187,297.725
1396,2007,1189,292.1025641025641
1397,2007,1190,144.21052631578948
1398,2007,1191,116.675
1399,2007,1192,247.2051282051282
1400,2007,1193,213.3421052631579
1401,2007,1194,194.94736842105263
1402,2007,1196,4.4523809523809526
1403,2007,1197,210.73684210526315
1404,2007,1198,256.1842105263158
1405,2007,1199,41.075
1406,2007,1200,121.675
1407,2007,1201,84.025
1408,2007,1202,195.02631578947367
1409,2007,1203,72.0
1410,2007,1204,213.6315789473684
1411,2007,1205,283.05128205128204
1412,2007,1206,118.92307692307692
1413,2007,1207,7.619047619047619
1414,2007,1208,55.7
1415,2007,1209,226.31578947368422
1416,2007,1210,30.3
1417,2007,1211,52.45
1418,2007,1212,295.89473684210526
1419,2007,1214,241.23076923076923
1420,2007,1216,240.89473684210526
1421,2007,1217,227.0
1422,2007,1218,87.625
1423,2007,1219,180.28947368421052
1424,2007,1220,91.2051282051282
1425,2007,1221,86.33333333333333
1426,2007,1222,98.25
1427,2007,1224,322.39473684210526
1428,2007,1225,299.7692307692308
1429,2007,1226,194.57894736842104
1430,2007,1227,160.05128205128204
1431,2007,1228,37.0
1432,2007,1229,112.525
1433,2007,1231,30.65
1434,2007,1232,134.25
1435,2007,1233,323.79487179487177
1436,2007,1234,77.15
1437,2007,1235,123.0
1438,2007,1236,254.8421052631579
1439,2007,1237,194.87179487179486
1440,2007,1238,209.60526315789474
1441,2007,1239,230.68421052631578
1442,2007,1240,301.05263157894734
1443,2007,1241,286.1578947368421
1444,2007,1242,4.5476190476190474
1445,2007,1243,49.7
1446,2007,1244,261.2631578947368
1447,2007,1245,91.76923076923077
1448,2007,1246,20.1
1449,2007,1247,241.85
1450,2007,1248,299.7631578947368
1451,2007,1249,219.52631578947367
1452,2007,1250,248.97435897435898
1453,2007,1251,259.0
1454,2007,1252,192.94871794871796
1455,2007,1253,87.33333333333333
1456,2007,1254,305.5
1457,2007,1255,314.22222222222223
1458,2007,1256,190.775
1459,2007,1257,26.952380952380953
1460,2007,1258,190.0
1461,2007,1259,184.76315789473685
1462,2007,1260,96.05128205128206
1463,2007,1261,71.475
1464,2007,1263,267.7368421052632
1465,2007,1264,242.10256410256412
1466,2007,1265,112.84615384615384
1467,2007,1266,28.214285714285715
1468,2007,1267,171.475
1469,2007,1268,14.523809523809524
1470,2007,1269,59.6
1471,2007,1270,239.68421052631578
1472,2007,1271,334.8157894736842
1473,2007,1272,8.380952380952381
1474,2007,1273,282.94736842105266
1475,2007,1274,128.25
1476,2007,1275,103.97435897435898
1477,2007,1276,56.7
1478,2007,1277,27.35
1479,2007,1278,175.2
1480,2007,1279,60.825
1481,2007,1280,53.2
1482,2007,1281,73.75
1483,2007,1282,229.6578947368421
1484,2007,1283,38.7
1485,2007,1284,258.71794871794873
1486,2007,1285,190.10256410256412
1487,2007,1286,264.56410256410254
1488,2007,1287,284.2105263157895
1489,2007,1288,287.39473684210526
1490,2007,1290,231.47368421052633
1491,2007,1291,264.92105263157896
1492,2007,1292,187.23076923076923
1493,2007,1293,205.56410256410257
1494,2007,1294,325.36842105263156
1495,2007,1295,134.0
1496,2007,1296,262.71794871794873
1497,2007,1298,243.55263157894737
1498,2007,1299,273.63157894736844
1499,2007,1301,74.525
1500,2007,1304,92.5
1501,2007,1305,26.0
1502,2007,1306,279.5
1503,2007,1307,139.525
1504,2007,1308,71.15
1505,2007,1309,219.7948717948718
1506,2007,1310,149.15384615384616
1507,2007,1311,280.7894736842105
1508,2007,1312,330.6857142857143
1509,2007,1313,299.44736842105266
1510,2007,1314,2.5952380952380953
1511,2007,1316,334.2631578947368
1512,2007,1317,145.1315789473684
1513,2007,1318,183.7948717948718
1514,2007,1319,157.2051282051282
1515,2007,1320,77.25
1516,2007,1321,150.575
1517,2007,1322,173.2051282051282
1518,2007,1323,20.571428571428573
1519,2007,1324,135.76315789473685
1520,2007,1325,124.53846153846153
1521,2007,1326,2.0
1522,2007,1328,81.925
1523,2007,1329,60.65
1524,2007,1330,58.205128205128204
1525,2007,1331,94.15384615384616
1526,2007,1332,13.69047619047619
1527,2007,1333,170.525
1528,2007,1334,208.94871794871796
1529,2007,1335,95.58974358974359
1530,2007,1336,163.2
1531,2007,1337,240.56410256410257
1532,2007,1338,10.119047619047619
1533,2007,1339,251.10256410256412
1534,2007,1340,174.55263157894737
1535,2007,1341,327.8157894736842
1536,2007,1343,255.05128205128204
1537,2007,1344,76.0
1538,2007,1345,38.275
1539,2007,1346,249.52631578947367
1540,2007,1347,313.42105263157896
1541,2007,1348,115.575
1542,2007,1349,159.375
1543,2007,1350,249.55
1544,2007,1351,221.81578947368422
1545,2007,1352,213.92105263157896
1546,2007,1353,190.725
1547,2007,1354,282.55263157894734
1548,2007,1355,322.3333333333333
1549,2007,1356,14.666666666666666
1550,2007,1357,184.5
1551,2007,1358,134.3846153846154
1552,2007,1359,206.53846153846155
1553,2007,1360,156.2051282051282
1554,2007,1361,70.575
1555,2007,1362,167.92307692307693
1556,2007,1363,248.475
1557,2007,1364,146.78947368421052
1558,2007,1365,82.82051282051282
1559,2007,1366,299.7105263157895
1560,2007,1368,221.26315789473685
1561,2007,1369,287.36842105263156
1562,2007,1371,132.65
1563,2007,1372,226.78947368421052
1564,2007,1373,148.89473684210526
1565,2007,1374,186.025
1566,2007,1375,139.71794871794873
1567,2007,1376,105.925
1568,2007,1378,162.3
1569,2007,1379,120.925
1570,2007,1380,299.97435897435895
1571,2007,1381,198.1315789473684
1572,2007,1382,279.53846153846155
1573,2007,1383,293.1578947368421
1574,2007,1384,312.3157894736842
1575,2007,1385,113.475
1576,2007,1386,109.125
1577,2007,1387,95.425
1578,2007,1388,133.05128205128204
1579,2007,1389,322.42105263157896
1580,2007,1390,52.225
1581,2007,1391,294.6842105263158
1582,2007,1392,282.39473684210526
1583,2007,1393,41.875
1584,2007,1394,88.3076923076923
1585,2007,1395,157.35
1586,2007,1396,158.825
1587,2007,1397,24.70731707317073
1588,2007,1398,270.86842105263156
1589,2007,1399,162.8421052631579
1590,2007,1400,19.571428571428573
1591,2007,1401,10.785714285714286
1592,2007,1402,314.3157894736842
1593,2007,1403,59.875
1594,2007,1404,314.2368421052632
1595,2007,1405,101.33333333333333
1596,2007,1406,161.92105263157896
1597,2007,1407,221.39473684210526
1598,2007,1408,136.7
1599,2007,1409,115.9
1600,2007,1410,269.2105263157895
1601,2007,1411,298.3421052631579
1602,2007,1412,130.45
1603,2007,1413,310.44444444444446
1604,2007,1414,177.28205128205127
1605,2007,1415,307.9736842105263
1606,2007,1416,106.425
1607,2007,1417,5.285714285714286
1608,2007,1418,266.2105263157895
1609,2007,1419,208.89473684210526
1610,2007,1420,251.97368421052633
1611,2007,1421,268.13157894736844
1612,2007,1422,176.0
1613,2007,1423,247.12820512820514
1614,2007,1424,21.404761904761905
1615,2007,1425,34.73809523809524
1616,2007,1426,253.1578947368421
1617,2007,1427,317.60526315789474
1618,2007,1428,137.975
1619,2007,1429,77.6
1620,2007,1430,125.36842105263158
1621,2007,1431,163.95
1622,2007,1433,50.05128205128205
1623,2007,1434,159.87179487179486
1624,2007,1435,48.4
1625,2007,1436,102.48717948717949
1626,2007,1437,22.975
1627,2007,1438,44.75
1628,2007,1439,36.75
1629,2007,1440,278.39473684210526
1630,2007,1441,248.81578947368422
1631,2007,1442,317.10526315789474
1632,2007,1443,117.76923076923077
1633,2007,1444,138.84615384615384
1634,2007,1445,325.97297297297297
1635,2007,1447,293.4736842105263
1636,2007,1448,99.625
1637,2007,1449,62.45
1638,2007,1450,18.738095238095237
1639,2007,1451,153.8421052631579
1640,2007,1452,45.0
1641,2007,1453,152.64102564102564
1642,2007,1454,220.66666666666666
1643,2007,1455,81.725
1644,2007,1456,184.97368421052633
1645,2007,1457,45.63414634146341
1646,2007,1458,5.357142857142857
1647,2007,1459,272.36842105263156
1648,2007,1460,83.74358974358974
1649,2007,1461,116.775
1650,2007,1462,38.15
1651,2007,1463,177.39473684210526
1652,2007,1464,178.8421052631579
1653,2008,1102,154.97619047619048
1654,2008,1103,75.11904761904762
1655,2008,1104,91.9047619047619
1656,2008,1105,301.7857142857143
1657,2008,1106,226.4390243902439
1658,2008,1107,198.64285714285714
1659,2008,1108,337.1951219512195
1660,2008,1110,135.5609756097561
1661,2008,1111,159.28571428571428
1662,2008,1112,35.88095238095238
1663,2008,1113,50.904761904761905
1664,2008,1114,166.73170731707316
1665,2008,1115,317.8780487804878
1666,2008,1116,39.04761904761905
1667,2008,1117,278.609756097561
1668,2008,1119,238.0731707317073
1669,2008,1120,144.14285714285714
1670,2008,1122,134.02380952380952
1671,2008,1123,253.3095238095238
1672,2008,1124,40.642857142857146
1673,2008,1125,113.0952380952381
1674,2008,1126,318.3658536585366
1675,2008,1127,231.1219512195122
1676,2008,1129,96.92857142857143
1677,2008,1130,115.21428571428571
1678,2008,1131,222.73809523809524
1679,2008,1132,196.26190476190476
1680,2008,1133,92.42857142857143
1681,2008,1135,126.73170731707317
1682,2008,1137,231.47619047619048
1683,2008,1138,217.66666666666666
1684,2008,1139,17.733333333333334
1685,2008,1140,33.595238095238095
1686,2008,1141,179.0487804878049
1687,2008,1142,240.78571428571428
1688,2008,1143,71.11904761904762
1689,2008,1144,305.7073170731707
1690,2008,1145,307.1463414634146
1691,2008,1146,278.9756097560976
1692,2008,1147,280.5121951219512
1693,2008,1148,214.11904761904762
1694,2008,1149,314.9268292682927
1695,2008,1150,76.07142857142857
1696,2008,1151,160.609756097561
1697,2008,1152,247.6341463414634
1698,2008,1153,115.14285714285714
1699,2008,1154,329.5365853658537
1700,2008,1155,18.363636363636363
1701,2008,1156,87.04878048780488
1702,2008,1157,265.9047619047619
1703,2008,1158,179.92857142857142
1704,2008,1159,185.4878048780488
1705,2008,1160,141.71428571428572
1706,2008,1161,268.4047619047619
1707,2008,1162,241.2439024390244
1708,2008,1163,20.022222222222222
1709,2008,1164,264.390243902439
1710,2008,1165,91.26190476190476
1711,2008,1166,55.333333333333336
1712,2008,1167,311.4
1713,2008,1168,82.66666666666667
1714,2008,1169,123.60975609756098
1715,2008,1170,333.1707317073171
1716,2008,1171,296.6341463414634
1717,2008,1172,29.11111111111111
1718,2008,1173,56.5
1719,2008,1174,196.17073170731706
1720,2008,1175,246.6904761904762
1721,2008,1176,243.4047619047619
1722,2008,1177,131.88095238095238
1723,2008,1178,252.45238095238096
1724,2008,1179,14.311111111111112
1725,2008,1180,230.21428571428572
1726,2008,1181,6.822222222222222
1727,2008,1182,103.0
1728,2008,1183,320.8292682926829
1729,2008,1184,270.1190476190476
1730,2008,1185,191.17073170731706
1731,2008,1186,257.23809523809524
1732,2008,1187,224.07142857142858
1733,2008,1189,198.66666666666666
1734,2008,1190,172.4047619047619
1735,2008,1191,222.07142857142858
1736,2008,1192,298.1190476190476
1737,2008,1193,190.4878048780488
1738,2008,1194,204.65853658536585
1739,2008,1195,300.84615384615387
1740,2008,1196,62.07142857142857
1741,2008,1197,275.04761904761904
1742,2008,1198,258.390243902439
1743,2008,1199,57.666666666666664
1744,2008,1200,161.07142857142858
1745,2008,1201,212.73809523809524
1746,2008,1202,295.7560975609756
1747,2008,1203,174.66666666666666
1748,2008,1204,142.8048780487805
1749,2008,1205,201.16666666666666
1750,2008,1206,82.4047619047619
1751,2008,1207,8.555555555555555
1752,2008,1208,86.71428571428571
1753,2008,1209,262.7560975609756
1754,2008,1210,69.69047619047619
1755,2008,1211,27.681818181818183
1756,2008,1212,333.5121951219512
1757,2008,1214,191.3095238095238
1758,2008,1216,213.3658536585366
1759,2008,1217,293.8809523809524
1760,2008,1218,248.11904761904762
1761,2008,1219,210.14634146341464
1762,2008,1220,216.61904761904762
1763,2008,1221,175.07142857142858
1764,2008,1222,76.07142857142857
1765,2008,1224,331.7317073170732
1766,2008,1225,287.2682926829268
1767,2008,1226,265.7560975609756
1768,2008,1227,117.07142857142857
1769,2008,1228,81.19047619047619
1770,2008,1229,42.166666666666664
1771,2008,1231,24.477272727272727
1772,2008,1232,130.6904761904762
1773,2008,1233,241.5
1774,2008,1234,155.57142857142858
1775,2008,1235,135.61904761904762
1776,2008,1236,207.0
1777,2008,1237,75.26190476190476
1778,2008,1238,295.6904761904762
1779,2008,1239,203.7560975609756
1780,2008,1240,327.0487804878049
1781,2008,1241,212.97560975609755
1782,2008,1242,3.2444444444444445
1783,2008,1243,37.38095238095238
1784,2008,1244,308.4390243902439
1785,2008,1245,34.5
1786,2008,1246,57.57142857142857
1787,2008,1247,153.8095238095238
1788,2008,1248,197.1951219512195
1789,2008,1249,158.14634146341464
1790,2008,1250,235.0
1791,2008,1251,234.390243902439
1792,2008,1252,215.1904761904762
1793,2008,1253,308.7857142857143
1794,2008,1254,213.73170731707316
1795,2008,1255,321.1463414634146
1796,2008,1256,315.73809523809524
1797,2008,1257,13.488888888888889
1798,2008,1258,320.6190476190476
1799,2008,1259,162.21951219512195
1800,2008,1260,191.5
1801,2008,1261,130.16666666666666
1802,2008,1263,327.1707317073171
1803,2008,1264,255.47619047619048
1804,2008,1265,144.83333333333334
1805,2008,1266,19.636363636363637
1806,2008,1267,147.4047619047619
1807,2008,1268,70.45238095238095
1808,2008,1269,53.45238095238095
1809,2008,1270,235.14634146341464
1810,2008,1271,338.1219512195122
1811,2008,1272,2.8
1812,2008,1273,300.4878048780488
1813,2008,1274,40.976190476190474
1814,2008,1275,87.30952380952381
1815,2008,1276,153.47619047619048
1816,2008,1277,18.488888888888887
1817,2008,1278,76.71428571428571
1818,2008,1279,54.04761904761905
1819,2008,1280,37.714285714285715
1820,2008,1281,84.73809523809524
1821,2008,1282,258.8536585365854
1822,2008,1283,103.26190476190476
1823,2008,1284,303.3095238095238
1824,2008,1285,213.78571428571428
1825,2008,1286,230.54761904761904
1826,2008,1287,262.0975609756098
1827,2008,1288,161.1951219512195
1828,2008,1290,271.8333333333333
1829,2008,1291,164.1219512195122
1830,2008,1292,148.61904761904762
1831,2008,1293,204.21428571428572
1832,2008,1294,246.34146341463415
1833,2008,1295,160.35714285714286
1834,2008,1296,271.9047619047619
1835,2008,1298,199.70731707317074
1836,2008,1299,271.3658536585366
1837,2008,1300,325.1
1838,2008,1301,106.07142857142857
1839,2008,1304,55.976190476190474
1840,2008,1305,99.78571428571429
1841,2008,1306,293.0487804878049
1842,2008,1307,47.476190476190474
1843,2008,1308,111.38095238095238
1844,2008,1309,170.21428571428572
1845,2008,1310,135.85714285714286
1846,2008,1311,248.9512195121951
1847,2008,1312,340.3658536585366
1848,2008,1313,272.5609756097561
1849,2008,1314,1.9777777777777779
1850,2008,1316,337.4878048780488
1851,2008,1317,136.5952380952381
1852,2008,1318,171.21428571428572
1853,2008,1319,143.61904761904762
1854,2008,1320,110.42857142857143
1855,2008,1321,198.88095238095238
1856,2008,1322,220.07142857142858
1857,2008,1323,21.22222222222222
1858,2008,1324,157.58536585365854
1859,2008,1325,101.71428571428571
1860,2008,1326,47.166666666666664
1861,2008,1328,35.26190476190476
1862,2008,1329,66.23809523809524
1863,2008,1330,130.9047619047619
1864,2008,1331,67.71428571428571
1865,2008,1332,44.976190476190474
1866,2008,1333,259.3809523809524
1867,2008,1334,133.83333333333334
1868,2008,1335,254.52380952380952
1869,2008,1336,124.0
1870,2008,1337,242.11904761904762
1871,2008,1338,18.272727272727273
1872,2008,1339,279.5952380952381
1873,2008,1340,106.6829268292683
1874,2008,1341,331.0731707317073
1875,2008,1342,308.3
1876,2008,1343,312.1904761904762
1877,2008,1344,91.57142857142857
1878,2008,1345,30.555555555555557
1879,2008,1346,224.5121951219512
1880,2008,1347,299.1463414634146
1881,2008,1348,78.83333333333333
1882,2008,1349,303.0238095238095
1883,2008,1350,131.26190476190476
1884,2008,1351,119.82926829268293
1885,2008,1352,117.85365853658537
1886,2008,1353,184.23809523809524
1887,2008,1354,296.4146341463415
1888,2008,1355,296.0731707317073
1889,2008,1356,65.69047619047619
1890,2008,1357,188.5609756097561
1891,2008,1358,123.97619047619048
1892,2008,1359,274.8809523809524
1893,2008,1360,104.57142857142857
1894,2008,1361,94.16666666666667
1895,2008,1362,256.0952380952381
1896,2008,1363,243.28571428571428
1897,2008,1364,102.28571428571429
1898,2008,1365,179.6904761904762
1899,2008,1366,283.2439024390244
1900,2008,1367,306.5
1901,2008,1368,204.3170731707317
1902,2008,1369,303.1951219512195
1903,2008,1371,110.35714285714286
1904,2008,1372,85.95121951219512
1905,2008,1373,90.5
1906,2008,1374,268.0952380952381
1907,2008,1375,56.69047619047619
1908,2008,1376,112.85714285714286
1909,2008,1378,140.8095238095238
1910,2008,1379,118.11904761904762
1911,2008,1380,311.5952380952381
1912,2008,1381,229.4878048780488
1913,2008,1382,240.3170731707317
1914,2008,1383,310.4146341463415
1915,2008,1384,318.8536585365854
1916,2008,1385,145.8095238095238
1917,2008,1386,52.785714285714285
1918,2008,1387,130.38095238095238
1919,2008,1388,40.093023255813954
1920,2008,1389,299.9512195121951
1921,2008,1390,12.533333333333333
1922,2008,1391,260.8536585365854
1923,2008,1392,315.8780487804878
1924,2008,1393,51.23809523809524
1925,2008,1394,259.4761904761905
1926,2008,1395,179.57142857142858
1927,2008,1396,55.38095238095238
1928,2008,1397,7.133333333333334
1929,2008,1398,234.53658536585365
1930,2008,1399,271.1463414634146
1931,2008,1400,7.866666666666666
1932,2008,1401,28.261904761904763
1933,2008,1402,257.0731707317073
1934,2008,1403,79.76190476190476
1935,2008,1404,238.78048780487805
1936,2008,1405,194.4047619047619
1937,2008,1406,218.7560975609756
1938,2008,1407,244.0731707317073
1939,2008,1408,156.8095238095238
1940,2008,1409,93.16666666666667
1941,2008,1410,248.70731707317074
1942,2008,1411,332.1707317073171
1943,2008,1412,65.85714285714286
1944,2008,1413,307.1707317073171
1945,2008,1414,158.8095238095238
1946,2008,1415,278.7073170731707
1947,2008,1416,132.16666666666666
1948,2008,1417,3.3777777777777778
1949,2008,1418,188.6829268292683
1950,2008,1419,268.8780487804878
1951,2008,1420,119.04878048780488
1952,2008,1421,153.390243902439
1953,2008,1422,122.7560975609756
1954,2008,1423,142.0952380952381
1955,2008,1424,40.58139534883721
1956,2008,1425,24.547619047619047
1957,2008,1426,161.1951219512195
1958,2008,1427,251.21951219512195
1959,2008,1428,100.23809523809524
1960,2008,1429,103.47619047619048
1961,2008,1430,226.04761904761904
1962,2008,1431,111.0952380952381
1963,2008,1433,61.11904761904762
1964,2008,1434,104.07142857142857
1965,2008,1435,31.622222222222224
1966,2008,1436,193.14285714285714
1967,2008,1437,49.11904761904762
1968,2008,1438,95.80952380952381
1969,2008,1439,48.5
1970,2008,1440,264.8292682926829
1971,2008,1441,265.0731707317073
1972,2008,1442,260.8048780487805
1973,2008,1443,45.404761904761905
1974,2008,1444,105.88095238095238
1975,2008,1445,306.4878048780488
1976,2008,1447,165.2439024390244
1977,2008,1448,79.88095238095238
1978,2008,1449,75.9047619047619
1979,2008,1450,17.6
1980,2008,1451,183.35714285714286
1981,2008,1452,26.071428571428573
1982,2008,1453,143.38095238095238
1983,2008,1454,160.66666666666666
1984,2008,1455,167.76190476190476
1985,2008,1456,175.58536585365854
1986,2008,1457,107.02380952380952
1987,2008,1458,6.844444444444444
1988,2008,1459,206.6829268292683
1989,2008,1460,91.5952380952381
1990,2008,1461,199.88095238095238
1991,2008,1462,15.422222222222222
1992,2008,1463,215.34146341463415
1993,2008,1464,228.85365853658536
1994,2009,1102,233.7560975609756
1995,2009,1103,102.36585365853658
1996,2009,1104,92.51219512195122
1997,2009,1105,335.5365853658537
1998,2009,1106,196.58536585365854
1999,2009,1107,223.65853658536585
2000,2009,1108,342.9756097560976
2001,2009,1110,104.85365853658537
2002,2009,1111,252.5609756097561
2003,2009,1112,47.09756097560975
2004,2009,1113,19.755555555555556
2005,2009,1114,118.53658536585365
2006,2009,1115,297.8048780487805
2007,2009,1116,130.46341463414635
2008,2009,1117,243.7560975609756
2009,2009,1119,277.3170731707317
2010,2009,1120,56.292682926829265
2011,2009,1122,180.46341463414635
2012,2009,1123,235.17073170731706
2013,2009,1124,55.31707317073171
2014,2009,1125,151.21951219512195
2015,2009,1126,280.1463414634146
2016,2009,1127,133.21951219512195
2017,2009,1129,136.6341463414634
2018,2009,1130,50.92857142857143
2019,2009,1131,177.9512195121951
2020,2009,1132,143.3170731707317
2021,2009,1133,113.48780487804878
2022,2009,1135,301.1463414634146
2023,2009,1136,317.44736842105266
2024,2009,1137,301.5609756097561
2025,2009,1138,111.70731707317073
2026,2009,1139,33.84090909090909
2027,2009,1140,24.166666666666668
2028,2009,1141,256.8048780487805
2029,2009,1142,285.5365853658537
2030,2009,1143,36.19047619047619
2031,2009,1144,250.46341463414635
2032,2009,1145,226.14634146341464
2033,2009,1146,314.7073170731707
2034,2009,1147,277.609756097561
2035,2009,1148,273.3658536585366
2036,2009,1149,312.3170731707317
2037,2009,1150,165.9512195121951
2038,2009,1151,193.09756097560975
2039,2009,1152,224.7560975609756
2040,2009,1153,85.85365853658537
2041,2009,1154,172.3658536585366
2042,2009,1155,23.11111111111111
2043,2009,1156,67.1951219512195
2044,2009,1157,294.0731707317073
2045,2009,1158,118.14634146341463
2046,2009,1159,299.4878048780488
2047,2009,1160,204.0
2048,2009,1161,200.70731707317074
2049,2009,1162,275.6341463414634
2050,2009,1163,4.2444444444444445
2051,2009,1164,260.6585365853659
2052,2009,1165,113.1951219512195
2053,2009,1166,52.51219512195122
2054,2009,1167,284.0731707317073
2055,2009,1168,201.65853658536585
2056,2009,1169,128.5121951219512
2057,2009,1170,338.2439024390244
2058,2009,1171,305.609756097561
2059,2009,1172,65.97560975609755
2060,2009,1173,58.65853658536585
2061,2009,1174,216.90243902439025
2062,2009,1175,314.9268292682927
2063,2009,1176,205.0487804878049
2064,2009,1177,195.9268292682927
2065,2009,1178,273.0731707317073
2066,2009,1179,137.3170731707317
2067,2009,1180,148.53658536585365
2068,2009,1181,5.355555555555555
2069,2009,1182,78.8048780487805
2070,2009,1183,279.8292682926829
2071,2009,1184,181.73170731707316
2072,2009,1185,302.2439024390244
2073,2009,1186,246.78048780487805
2074,2009,1187,210.82926829268294
2075,2009,1188,314.75
2076,2009,1189,279.609756097561
2077,2009,1190,118.7560975609756
2078,2009,1191,111.73170731707317
2079,2009,1192,328.5853658536585
2080,2009,1193,156.1219512195122
2081,2009,1194,304.6585365853659
2082,2009,1195,302.825
2083,2009,1196,45.390243902439025
2084,2009,1197,316.5121951219512
2085,2009,1198,244.34146341463415
2086,2009,1199,24.266666666666666
2087,2009,1200,319.1219512195122
2088,2009,1201,211.97560975609755
2089,2009,1202,325.5609756097561
2090,2009,1203,193.29268292682926
2091,2009,1204,309.0243902439024
2092,2009,1205,249.4390243902439
2093,2009,1206,90.34146341463415
2094,2009,1207,53.68292682926829
2095,2009,1208,182.78048780487805
2096,2009,1209,229.29268292682926
2097,2009,1210,110.3170731707317
2098,2009,1211,13.0
2099,2009,1212,341.7073170731707
2100,2009,1214,256.8780487804878
2101,2009,1216,313.9024390243902
2102,2009,1217,236.390243902439
2103,2009,1218,210.609756097561
2104,2009,1219,308.1951219512195
2105,2009,1220,149.1951219512195
2106,2009,1221,181.3170731707317
2107,2009,1222,77.6829268292683
2108,2009,1223,323.4102564102564
2109,2009,1224,326.1951219512195
2110,2009,1225,154.0487804878049
2111,2009,1226,188.97560975609755
2112,2009,1227,133.8048780487805
2113,2009,1228,22.302325581395348
2114,2009,1229,61.53658536585366
2115,2009,1231,210.78048780487805
2116,2009,1232,191.41463414634146
2117,2009,1233,211.9512195121951
2118,2009,1234,100.3170731707317
2119,2009,1235,130.73170731707316
2120,2009,1236,225.90243902439025
2121,2009,1237,201.90243902439025
2122,2009,1238,239.7560975609756
2123,2009,1239,144.17073170731706
2124,2009,1240,273.3658536585366
2125,2009,1241,147.5121951219512
2126,2009,1242,11.911111111111111
2127,2009,1243,54.666666666666664
2128,2009,1244,335.5609756097561
2129,2009,1245,131.6829268292683
2130,2009,1246,62.51219512195122
2131,2009,1247,103.17073170731707
2132,2009,1248,314.0243902439024
2133,2009,1249,218.14634146341464
2134,2009,1250,256.609756097561
2135,2009,1251,171.02439024390245
2136,2009,1252,187.4390243902439
2137,2009,1253,170.34146341463415
2138,2009,1254,234.58536585365854
2139,2009,1255,290.8048780487805
2140,2009,1256,168.4878048780488
2141,2009,1257,4.511111111111111
2142,2009,1258,320.1707317073171
2143,2009,1259,224.21951219512195
2144,2009,1260,211.0731707317073
2145,2009,1261,36.17777777777778
2146,2009,1263,298.6341463414634
2147,2009,1264,180.70731707317074
2148,2009,1265,257.780487804878
2149,2009,1266,23.555555555555557
2150,2009,1267,156.58536585365854
2151,2009,1268,50.0
2152,2009,1269,144.97560975609755
2153,2009,1270,263.9512195121951
2154,2009,1271,339.7560975609756
2155,2009,1272,4.222222222222222
2156,2009,1273,212.5121951219512
2157,2009,1274,49.833333333333336
2158,2009,1275,109.82926829268293
2159,2009,1276,44.09756097560975
2160,2009,1277,10.022222222222222
2161,2009,1278,40.61904761904762
2162,2009,1279,93.51219512195122
2163,2009,1280,56.829268292682926
2164,2009,1281,9.88888888888889
2165,2009,1282,302.5609756097561
2166,2009,1283,197.58536585365854
2167,2009,1284,321.780487804878
2168,2009,1285,173.8048780487805
2169,2009,1286,219.70731707317074
2170,2009,1287,170.41463414634146
2171,2009,1288,145.0487804878049
2172,2009,1290,331.9024390243902
2173,2009,1291,148.97560975609755
2174,2009,1292,176.4390243902439
2175,2009,1293,151.0731707317073
2176,2009,1294,219.53658536585365
2177,2009,1295,73.46341463414635
2178,2009,1296,292.4146341463415
2179,2009,1298,195.8048780487805
2180,2009,1299,281.8780487804878
2181,2009,1300,338.45
2182,2009,1301,84.97560975609755
2183,2009,1304,74.92682926829268
2184,2009,1305,90.73170731707317
2185,2009,1306,235.1219512195122
2186,2009,1307,56.048780487804876
2187,2009,1308,125.51219512195122
2188,2009,1309,278.4878048780488
2189,2009,1310,66.3170731707317
2190,2009,1311,163.0
2191,2009,1312,342.5609756097561
2192,2009,1313,289.0487804878049
2193,2009,1314,2.3777777777777778
2194,2009,1315,286.05263157894734
2195,2009,1316,326.4390243902439
2196,2009,1317,140.8780487804878
2197,2009,1318,113.14634146341463
2198,2009,1319,266.1707317073171
2199,2009,1320,70.2439024390244
2200,2009,1321,69.2439024390244
2201,2009,1322,315.4390243902439
2202,2009,1323,56.80487804878049
2203,2009,1324,110.29268292682927
2204,2009,1325,184.4390243902439
2205,2009,1326,30.11627906976744
2206,2009,1328,10.488888888888889
2207,2009,1329,29.642857142857142
2208,2009,1330,104.8048780487805
2209,2009,1331,130.3170731707317
2210,2009,1332,166.46341463414635
2211,2009,1333,126.90243902439025
2212,2009,1334,127.7560975609756
2213,2009,1335,270.4878048780488
2214,2009,1336,65.4047619047619
2215,2009,1337,284.4146341463415
2216,2009,1338,2.977777777777778
2217,2009,1339,113.29268292682927
2218,2009,1340,115.46341463414635
2219,2009,1341,291.5121951219512
2220,2009,1342,243.925
2221,2009,1343,258.3658536585366
2222,2009,1344,72.65853658536585
2223,2009,1345,17.044444444444444
2224,2009,1346,258.3170731707317
2225,2009,1347,147.21951219512195
2226,2009,1348,66.65853658536585
2227,2009,1349,221.1219512195122
2228,2009,1350,113.4390243902439
2229,2009,1351,143.6341463414634
2230,2009,1352,130.4390243902439
2231,2009,1353,170.09756097560975
2232,2009,1354,262.9756097560976
2233,2009,1355,244.34146341463415
2234,2009,1356,153.5609756097561
2235,2009,1357,187.29268292682926
2236,2009,1358,143.609756097561
2237,2009,1359,234.78048780487805
2238,2009,1360,164.97560975609755
2239,2009,1361,40.292682926829265
2240,2009,1362,244.21951219512195
2241,2009,1363,199.9512195121951
2242,2009,1364,173.5121951219512
2243,2009,1365,161.97560975609755
2244,2009,1366,276.219512195122
2245,2009,1367,290.4
2246,2009,1368,225.8048780487805
2247,2009,1369,338.8536585365854
2248,2009,1370,182.28571428571428
2249,2009,1371,87.09756097560975
2250,2009,1372,96.29268292682927
2251,2009,1373,49.146341463414636
2252,2009,1374,223.5609756097561
2253,2009,1375,159.4878048780488
2254,2009,1376,60.5
2255,2009,1377,241.73684210526315
2256,2009,1378,157.4390243902439
2257,2009,1379,149.0731707317073
2258,2009,1380,331.1463414634146
2259,2009,1381,248.390243902439
2260,2009,1382,179.41463414634146
2261,2009,1383,293.9512195121951
2262,2009,1384,327.5365853658537
2263,2009,1385,116.17073170731707
2264,2009,1386,105.46341463414635
2265,2009,1387,125.92682926829268
2266,2009,1388,53.68292682926829
2267,2009,1389,249.0487804878049
2268,2009,1390,71.2439024390244
2269,2009,1391,258.7317073170732
2270,2009,1392,196.9512195121951
2271,2009,1393,13.533333333333333
2272,2009,1394,160.3170731707317
2273,2009,1395,139.78048780487805
2274,2009,1396,48.8780487804878
2275,2009,1397,33.609756097560975
2276,2009,1398,272.1219512195122
2277,2009,1399,264.9268292682927
2278,2009,1400,33.54761904761905
2279,2009,1401,41.30952380952381
2280,2009,1402,228.3658536585366
2281,2009,1403,107.07317073170732
2282,2009,1404,130.2439024390244
2283,2009,1405,300.4146341463415
2284,2009,1406,240.29268292682926
2285,2009,1407,158.70731707317074
2286,2009,1408,165.1219512195122
2287,2009,1409,54.78048780487805
2288,2009,1410,321.5609756097561
2289,2009,1411,328.219512195122
2290,2009,1412,54.390243902439025
2291,2009,1413,235.78048780487805
2292,2009,1414,219.8048780487805
2293,2009,1415,207.82926829268294
2294,2009,1416,142.5121951219512
2295,2009,1417,16.08888888888889
2296,2009,1418,262.3658536585366
2297,2009,1419,287.2439024390244
2298,2009,1420,224.5121951219512
2299,2009,1421,239.65853658536585
2300,2009,1422,323.4390243902439
2301,2009,1423,297.4634146341463
2302,2009,1424,66.78048780487805
2303,2009,1425,35.69047619047619
2304,2009,1426,177.90243902439025
2305,2009,1427,186.58536585365854
2306,2009,1428,28.58139534883721
2307,2009,1429,42.81395348837209
2308,2009,1430,193.65853658536585
2309,2009,1431,80.92682926829268
2310,2009,1433,64.63414634146342
2311,2009,1434,225.82926829268294
2312,2009,1435,77.41463414634147
2313,2009,1436,94.07317073170732
2314,2009,1437,14.28888888888889
2315,2009,1438,109.95121951219512
2316,2009,1439,59.53658536585366
2317,2009,1440,139.85365853658536
2318,2009,1441,220.41463414634146
2319,2009,1442,304.1463414634146
2320,2009,1443,79.53658536585365
2321,2009,1444,268.2926829268293
2322,2009,1445,333.5121951219512
2323,2009,1447,254.65853658536585
2324,2009,1448,14.6
2325,2009,1449,17.266666666666666
2326,2009,1450,61.926829268292686
2327,2009,1451,102.65853658536585
2328,2009,1452,17.11904761904762
2329,2009,1453,79.6829268292683
2330,2009,1454,140.78048780487805
2331,2009,1455,125.85365853658537
2332,2009,1456,246.17073170731706
2333,2009,1457,268.0731707317073
2334,2009,1458,37.951219512195124
2335,2009,1459,199.609756097561
2336,2009,1460,97.60975609756098
2337,2009,1461,113.02439024390245
2338,2009,1462,23.772727272727273
2339,2009,1463,240.5121951219512
2340,2009,1464,220.5121951219512
2341,2010,1102,236.95833333333334
2342,2010,1103,98.33333333333333
2343,2010,1104,78.39583333333333
2344,2010,1105,327.5625
2345,2010,1106,283.3333333333333
2346,2010,1107,308.4375
2347,2010,1108,346.3541666666667
2348,2010,1110,288.2916666666667
2349,2010,1111,123.1875
2350,2010,1112,88.125
2351,2010,1113,51.958333333333336
2352,2010,1114,288.8333333333333
2353,2010,1115,228.79166666666666
2354,2010,1116,128.52083333333334
2355,2010,1117,199.60416666666666
2356,2010,1119,263.25
2357,2010,1120,121.39583333333333
2358,2010,1122,190.04166666666666
2359,2010,1123,209.41666666666666
2360,2010,1124,11.923076923076923
2361,2010,1125,152.77083333333334
2362,2010,1126,270.3125
2363,2010,1127,255.64583333333334
2364,2010,1129,177.60416666666666
2365,2010,1130,90.89583333333333
2366,2010,1131,149.5
2367,2010,1132,195.10416666666666
2368,2010,1133,111.14583333333333
2369,2010,1135,284.7708333333333
2370,2010,1136,345.9166666666667
2371,2010,1137,252.58333333333334
2372,2010,1138,147.04166666666666
2373,2010,1139,17.901960784313726
2374,2010,1140,14.51923076923077
2375,2010,1141,194.66666666666666
2376,2010,1142,243.39583333333334
2377,2010,1143,27.625
2378,2010,1144,175.41666666666666
2379,2010,1145,206.08333333333334
2380,2010,1146,311.7291666666667
2381,2010,1147,313.4166666666667
2382,2010,1148,302.7291666666667
2383,2010,1149,282.5
2384,2010,1150,91.85416666666667
2385,2010,1151,240.47916666666666
2386,2010,1152,338.7916666666667
2387,2010,1153,63.083333333333336
2388,2010,1154,199.9375
2389,2010,1155,31.3265306122449
2390,2010,1156,159.39583333333334
2391,2010,1157,124.60416666666667
2392,2010,1158,128.04166666666666
2393,2010,1159,288.1041666666667
2394,2010,1160,101.9375
2395,2010,1161,133.35416666666666
2396,2010,1162,283.3125
2397,2010,1163,59.291666666666664
2398,2010,1164,329.4583333333333
2399,2010,1165,52.326530612244895
2400,2010,1166,119.875
2401,2010,1167,291.4375
2402,2010,1168,205.10416666666666
2403,2010,1169,239.95833333333334
2404,2010,1170,292.7708333333333
2405,2010,1171,336.1875
2406,2010,1172,183.70833333333334
2407,2010,1173,58.5
2408,2010,1174,261.7708333333333
2409,2010,1175,238.29166666666666
2410,2010,1176,173.875
2411,2010,1177,190.0625
2412,2010,1178,138.91666666666666
2413,2010,1179,167.0
2414,2010,1180,156.02083333333334
2415,2010,1181,3.4423076923076925
2416,2010,1182,132.39583333333334
2417,2010,1183,180.83333333333334
2418,2010,1184,169.29166666666666
2419,2010,1185,191.4375
2420,2010,1186,278.75
2421,2010,1187,239.45833333333334
2422,2010,1188,334.8333333333333
2423,2010,1189,274.4583333333333
2424,2010,1190,155.0
2425,2010,1191,230.04166666666666
2426,2010,1192,303.7708333333333
2427,2010,1193,106.66666666666667
2428,2010,1194,215.41666666666666
2429,2010,1195,306.7916666666667
2430,2010,1196,50.979166666666664
2431,2010,1197,322.8541666666667
2432,2010,1198,304.0833333333333
2433,2010,1199,32.16326530612245
2434,2010,1200,313.5416666666667
2435,2010,1201,174.70833333333334
2436,2010,1202,246.77083333333334
2437,2010,1203,131.95833333333334
2438,2010,1204,283.75
2439,2010,1205,322.9583333333333
2440,2010,1206,150.22916666666666
2441,2010,1207,12.313725490196079
2442,2010,1208,94.9375
2443,2010,1209,221.16666666666666
2444,2010,1210,37.36734693877551
2445,2010,1211,34.745098039215684
2446,2010,1212,341.6666666666667
2447,2010,1214,249.9375
2448,2010,1216,312.625
2449,2010,1217,104.8125
2450,2010,1218,236.0625
2451,2010,1219,262.5833333333333
2452,2010,1220,129.5
2453,2010,1221,273.5
2454,2010,1222,101.70833333333333
2455,2010,1223,316.2916666666667
2456,2010,1224,332.25
2457,2010,1225,166.02083333333334
2458,2010,1226,291.5
2459,2010,1227,256.3333333333333
2460,2010,1228,58.645833333333336
2461,2010,1229,78.77083333333333
2462,2010,1231,186.0625
2463,2010,1232,120.89583333333333
2464,2010,1233,104.0
2465,2010,1234,176.35416666666666
2466,2010,1235,88.6875
2467,2010,1236,219.375
2468,2010,1237,102.58333333333333
2469,2010,1238,243.33333333333334
2470,2010,1239,158.02083333333334
2471,2010,1240,276.6458333333333
2472,2010,1241,221.02083333333334
2473,2010,1242,1.1153846153846154
2474,2010,1243,6.9423076923076925
2475,2010,1244,274.9375
2476,2010,1245,73.8125
2477,2010,1246,3.3461538461538463
2478,2010,1247,178.64583333333334
2479,2010,1248,231.0
2480,2010,1249,275.9375
2481,2010,1250,176.0625
2482,2010,1251,253.47916666666666
2483,2010,1252,191.375
2484,2010,1253,149.9375
2485,2010,1254,267.8333333333333
2486,2010,1255,294.3333333333333
2487,2010,1256,95.64583333333333
2488,2010,1257,38.91836734693877
2489,2010,1258,154.04166666666666
2490,2010,1259,223.27083333333334
2491,2010,1260,211.625
2492,2010,1261,180.27083333333334
2493,2010,1263,193.54166666666666
2494,2010,1264,226.75
2495,2010,1265,336.875
2496,2010,1266,30.714285714285715
2497,2010,1267,69.95833333333333
2498,2010,1268,17.576923076923077
2499,2010,1269,176.70833333333334
2500,2010,1270,293.4375
2501,2010,1271,309.3541666666667
2502,2010,1272,53.958333333333336
2503,2010,1273,215.70833333333334
2504,2010,1274,65.57142857142857
2505,2010,1275,153.22916666666666
2506,2010,1276,92.72916666666667
2507,2010,1277,23.173076923076923
2508,2010,1278,44.770833333333336
2509,2010,1279,49.791666666666664
2510,2010,1280,48.53061224489796
2511,2010,1281,32.244897959183675
2512,2010,1282,279.2291666666667
2513,2010,1283,91.58333333333333
2514,2010,1284,292.7708333333333
2515,2010,1285,103.4375
2516,2010,1286,197.39583333333334
2517,2010,1287,105.35416666666667
2518,2010,1288,132.83333333333334
2519,2010,1290,328.8125
2520,2010,1291,202.97916666666666
2521,2010,1292,170.16666666666666
2522,2010,1293,56.854166666666664
2523,2010,1294,113.52083333333333
2524,2010,1295,250.89583333333334
2525,2010,1296,251.0625
2526,2010,1298,276.7708333333333
2527,2010,1299,304.5625
2528,2010,1300,332.9583333333333
2529,2010,1301,71.29166666666667
2530,2010,1304,110.9375
2531,2010,1305,87.95833333333333
2532,2010,1306,254.72916666666666
2533,2010,1307,19.51923076923077
2534,2010,1308,85.79166666666667
2535,2010,1309,314.2083333333333
2536,2010,1310,142.3125
2537,2010,1311,269.9791666666667
2538,2010,1312,336.2291666666667
2539,2010,1313,275.9583333333333
2540,2010,1314,73.25
2541,2010,1315,338.5
2542,2010,1316,254.125
2543,2010,1317,132.70833333333334
2544,2010,1318,85.14583333333333
2545,2010,1319,215.10416666666666
2546,2010,1320,27.0
2547,2010,1321,82.72916666666667
2548,2010,1322,304.5833333333333
2549,2010,1323,35.30612244897959
2550,2010,1324,91.54166666666667
2551,2010,1325,106.83333333333333
2552,2010,1326,11.326923076923077
2553,2010,1328,112.45833333333333
2554,2010,1329,36.816326530612244
2555,2010,1330,42.479166666666664
2556,2010,1331,134.35416666666666
2557,2010,1332,119.1875
2558,2010,1333,135.45833333333334
2559,2010,1334,117.4375
2560,2010,1335,308.7916666666667
2561,2010,1336,141.22916666666666
2562,2010,1337,281.6041666666667
2563,2010,1338,20.115384615384617
2564,2010,1339,80.6875
2565,2010,1340,210.3125
2566,2010,1341,292.9166666666667
2567,2010,1342,330.2916666666667
2568,2010,1343,135.02083333333334
2569,2010,1344,114.75
2570,2010,1345,11.596153846153847
2571,2010,1346,175.77083333333334
2572,2010,1347,191.54166666666666
2573,2010,1348,57.0625
2574,2010,1349,270.1041666666667
2575,2010,1350,36.10204081632653
2576,2010,1351,171.08333333333334
2577,2010,1352,166.85416666666666
2578,2010,1353,135.79166666666666
2579,2010,1354,243.10416666666666
2580,2010,1355,221.125
2581,2010,1356,144.625
2582,2010,1357,277.1875
2583,2010,1358,94.4375
2584,2010,1359,260.3333333333333
2585,2010,1360,213.5625
2586,2010,1361,38.22
2587,2010,1362,197.20833333333334
2588,2010,1363,183.5
2589,2010,1364,119.16666666666667
2590,2010,1365,237.29166666666666
2591,2010,1366,296.75
2592,2010,1367,300.3333333333333
2593,2010,1368,201.3125
2594,2010,1369,312.5833333333333
2595,2010,1370,180.33333333333334
2596,2010,1371,53.979166666666664
2597,2010,1372,157.89583333333334
2598,2010,1373,51.041666666666664
2599,2010,1374,170.875
2600,2010,1375,221.77083333333334
2601,2010,1376,90.29166666666667
2602,2010,1377,212.16666666666666
2603,2010,1378,64.54166666666667
2604,2010,1379,114.97916666666667
2605,2010,1380,344.4166666666667
2606,2010,1381,320.5416666666667
2607,2010,1382,142.64583333333334
2608,2010,1383,307.6041666666667
2609,2010,1384,300.7708333333333
2610,2010,1385,69.125
2611,2010,1386,182.1875
2612,2010,1387,83.39583333333333
2613,2010,1388,32.0
2614,2010,1389,180.5
2615,2010,1390,121.58333333333333
2616,2010,1391,325.4791666666667
2617,2010,1392,168.60416666666666
2618,2010,1393,3.8076923076923075
2619,2010,1394,190.27083333333334
2620,2010,1395,177.75
2621,2010,1396,15.26923076923077
2622,2010,1397,20.557692307692307
2623,2010,1398,267.5416666666667
2624,2010,1399,230.3125
2625,2010,1400,21.816326530612244
2626,2010,1401,18.686274509803923
2627,2010,1402,232.9375
2628,2010,1403,76.70833333333333
2629,2010,1404,334.9791666666667
2630,2010,1405,320.375
2631,2010,1406,247.75
2632,2010,1407,152.41666666666666
2633,2010,1408,244.89583333333334
2634,2010,1409,72.97916666666667
2635,2010,1410,331.1875
2636,2010,1411,260.5208333333333
2637,2010,1412,59.604166666666664
2638,2010,1413,227.16666666666666
2639,2010,1414,248.6875
2640,2010,1415,237.14583333333334
2641,2010,1416,166.83333333333334
2642,2010,1417,116.85416666666667
2643,2010,1418,229.0625
2644,2010,1419,267.5416666666667
2645,2010,1420,330.8125
2646,2010,1421,249.41666666666666
2647,2010,1422,260.0416666666667
2648,2010,1423,233.14583333333334
2649,2010,1424,39.83673469387755
2650,2010,1425,88.83333333333333
2651,2010,1426,239.35416666666666
2652,2010,1427,188.0625
2653,2010,1428,133.20833333333334
2654,2010,1429,35.36734693877551
2655,2010,1430,320.6875
2656,2010,1431,33.8235294117647
2657,2010,1433,64.77083333333333
2658,2010,1434,185.85416666666666
2659,2010,1435,26.865384615384617
2660,2010,1436,131.9375
2661,2010,1437,11.98076923076923
2662,2010,1438,92.45833333333333
2663,2010,1439,39.795918367346935
2664,2010,1440,313.8125
2665,2010,1441,146.08333333333334
2666,2010,1442,266.9791666666667
2667,2010,1443,125.64583333333333
2668,2010,1444,152.97916666666666
2669,2010,1445,307.8541666666667
2670,2010,1447,337.8333333333333
2671,2010,1448,47.63265306122449
2672,2010,1449,33.625
2673,2010,1450,123.72916666666667
2674,2010,1451,107.52083333333333
2675,2010,1452,5.615384615384615
2676,2010,1453,124.8125
2677,2010,1454,133.70833333333334
2678,2010,1455,60.875
2679,2010,1456,87.6875
2680,2010,1457,191.25
2681,2010,1458,15.961538461538462
2682,2010,1459,78.66666666666667
2683,2010,1460,91.91666666666667
2684,2010,1461,230.52083333333334
2685,2010,1462,23.020408163265305
2686,2010,1463,271.75
2687,2010,1464,261.1458333333333
2688,2011,1102,122.91836734693878
2689,2011,1103,116.87755102040816
2690,2011,1104,63.61224489795919
2691,2011,1105,310.1020408163265
2692,2011,1106,278.9795918367347
2693,2011,1107,228.55102040816325
2694,2011,1108,341.0612244897959
2695,2011,1110,141.12244897959184
2696,2011,1111,197.0612244897959
2697,2011,1112,21.96153846153846
2698,2011,1113,143.91836734693877
2699,2011,1114,198.24489795918367
2700,2011,1115,333.734693877551
2701,2011,1116,103.77551020408163
2702,2011,1117,190.79591836734693
2703,2011,1119,289.44897959183675
2704,2011,1120,221.42857142857142
2705,2011,1122,149.6734693877551
2706,2011,1123,164.6734693877551
2707,2011,1124,82.77551020408163
2708,2011,1125,35.02040816326531
2709,2011,1126,228.81632653061226
2710,2011,1127,309.8979591836735
2711,2011,1129,103.40816326530613
2712,2011,1130,58.02040816326531
2713,2011,1131,154.81632653061226
2714,2011,1132,236.6326530612245
2715,2011,1133,211.46938775510205
2716,2011,1135,244.75510204081633
2717,2011,1136,291.53061224489795
2718,2011,1137,86.95918367346938
2719,2011,1138,142.6530612244898
2720,2011,1139,45.44897959183673
2721,2011,1140,8.115384615384615
2722,2011,1141,282.6530612244898
2723,2011,1142,192.59183673469389
2724,2011,1143,72.73469387755102
2725,2011,1144,263.6326530612245
2726,2011,1145,186.6530612244898
2727,2011,1146,338.6530612244898
2728,2011,1147,342.7755102040816
2729,2011,1148,163.6530612244898
2730,2011,1149,222.42857142857142
2731,2011,1150,212.85714285714286
2732,2011,1151,228.12244897959184
2733,2011,1152,340.6530612244898
2734,2011,1153,22.44
2735,2011,1154,286.7142857142857
2736,2011,1155,40.6530612244898
2737,2011,1156,57.204081632653065
2738,2011,1157,92.61224489795919
2739,2011,1158,80.12244897959184
2740,2011,1159,316.59183673469386
2741,2011,1160,57.93877551020408
2742,2011,1161,71.24489795918367
2743,2011,1162,197.6734693877551
2744,2011,1163,13.01923076923077
2745,2011,1164,249.9387755102041
2746,2011,1165,212.6734693877551
2747,2011,1166,119.10204081632654
2748,2011,1167,300.55102040816325
2749,2011,1168,276.0612244897959
2750,2011,1169,235.48979591836735
2751,2011,1170,321.3061224489796
2752,2011,1171,319.3673469387755
2753,2011,1172,167.24489795918367
2754,2011,1173,82.71428571428571
2755,2011,1174,177.55102040816325
2756,2011,1175,310.83673469387753
2757,2011,1176,229.77551020408163
2758,2011,1177,220.10204081632654
2759,2011,1178,141.73469387755102
2760,2011,1179,202.55102040816325
2761,2011,1180,89.24489795918367
2762,2011,1181,3.673076923076923
2763,2011,1182,83.93877551020408
2764,2011,1183,308.48979591836735
2765,2011,1184,247.0408163265306
2766,2011,1185,303.0816326530612
2767,2011,1186,276.0408163265306
2768,2011,1187,122.38775510204081
2769,2011,1188,328.57142857142856
2770,2011,1189,244.87755102040816
2771,2011,1190,112.28571428571429
2772,2011,1191,164.40816326530611
2773,2011,1192,325.7755102040816
2774,2011,1193,89.79591836734694
2775,2011,1194,143.77551020408163
2776,2011,1195,281.8979591836735
2777,2011,1196,15.615384615384615
2778,2011,1197,319.7142857142857
2779,2011,1198,280.6530612244898
2780,2011,1199,44.59183673469388
2781,2011,1200,270.42857142857144
2782,2011,1201,189.24489795918367
2783,2011,1202,127.24489795918367
2784,2011,1203,141.79591836734693
2785,2011,1204,334.7551020408163
2786,2011,1205,267.2244897959184
2787,2011,1206,29.306122448979593
2788,2011,1207,22.68
2789,2011,1208,52.12244897959184
2790,2011,1209,221.42857142857142
2791,2011,1210,130.79591836734693
2792,2011,1211,40.04
2793,2011,1212,320.9795918367347
2794,2011,1214,163.0204081632653
2795,2011,1216,280.7755102040816
2796,2011,1217,59.93877551020408
2797,2011,1218,148.26530612244898
2798,2011,1219,277.83673469387753
2799,2011,1220,106.06122448979592
2800,2011,1221,270.0408163265306
2801,2011,1222,218.40816326530611
2802,2011,1223,338.42857142857144
2803,2011,1224,332.9387755102041
2804,2011,1225,141.51020408163265
2805,2011,1226,298.3673469387755
2806,2011,1227,274.3061224489796
2807,2011,1228,37.224489795918366
2808,2011,1229,235.55102040816325
2809,2011,1231,129.40816326530611
2810,2011,1232,103.0204081632653
2811,2011,1233,78.14285714285714
2812,2011,1234,134.89795918367346
2813,2011,1235,105.08163265306122
2814,2011,1236,173.10204081632654
2815,2011,1237,138.08163265306123
2816,2011,1238,268.9795918367347
2817,2011,1239,155.6734693877551
2818,2011,1240,316.3265306122449
2819,2011,1241,89.04081632653062
2820,2011,1242,2.0576923076923075
2821,2011,1243,27.23076923076923
2822,2011,1244,314.38775510204084
2823,2011,1245,98.6734693877551
2824,2011,1246,12.153846153846153
2825,2011,1247,159.9387755102041
2826,2011,1248,237.44897959183675
2827,2011,1249,267.7755102040816
2828,2011,1250,204.51020408163265
2829,2011,1251,196.9591836734694
2830,2011,1252,158.0
2831,2011,1253,99.24489795918367
2832,2011,1254,87.55102040816327
2833,2011,1255,308.2857142857143
2834,2011,1256,249.71428571428572
2835,2011,1257,13.76923076923077
2836,2011,1258,240.9795918367347
2837,2011,1259,183.48979591836735
2838,2011,1260,156.85714285714286
2839,2011,1261,220.3469387755102
2840,2011,1263,221.81632653061226
2841,2011,1264,305.40816326530614
2842,2011,1265,313.1020408163265
2843,2011,1266,41.183673469387756
2844,2011,1267,73.36734693877551
2845,2011,1268,64.40816326530613
2846,2011,1269,161.91836734693877
2847,2011,1270,178.9387755102041
2848,2011,1271,326.0612244897959
2849,2011,1272,58.52
2850,2011,1273,209.69387755102042
2851,2011,1274,71.24489795918367
2852,2011,1275,150.79591836734693
2853,2011,1276,44.142857142857146
2854,2011,1277,46.734693877551024
2855,2011,1278,71.3265306122449
2856,2011,1279,79.46938775510205
2857,2011,1280,111.81632653061224
2858,2011,1281,34.10204081632653
2859,2011,1282,236.14285714285714
2860,2011,1283,62.673469387755105
2861,2011,1284,289.1224489795918
2862,2011,1285,120.0
2863,2011,1286,255.73469387755102
2864,2011,1287,94.63265306122449
2865,2011,1288,224.6530612244898
2866,2011,1290,293.734693877551
2867,2011,1291,258.16326530612247
2868,2011,1292,200.20408163265307
2869,2011,1293,114.77551020408163
2870,2011,1294,120.6938775510204
2871,2011,1295,207.0408163265306
2872,2011,1296,292.2448979591837
2873,2011,1298,286.40816326530614
2874,2011,1299,267.734693877551
2875,2011,1300,286.2040816326531
2876,2011,1301,105.22448979591837
2877,2011,1304,65.61224489795919
2878,2011,1305,181.46938775510205
2879,2011,1306,281.9183673469388
2880,2011,1307,57.83673469387755
2881,2011,1308,146.28571428571428
2882,2011,1310,289.9183673469388
2883,2011,1311,239.16326530612244
2884,2011,1312,300.9183673469388
2885,2011,1313,285.46938775510205
2886,2011,1314,11.884615384615385
2887,2011,1315,276.38775510204084
2888,2011,1316,202.3265306122449
2889,2011,1317,157.53061224489795
2890,2011,1318,193.85714285714286
2891,2011,1319,150.46938775510205
2892,2011,1320,112.3061224489796
2893,2011,1321,66.61224489795919
2894,2011,1322,239.08163265306123
2895,2011,1323,8.0
2896,2011,1324,61.30612244897959
2897,2011,1325,152.48979591836735
2898,2011,1326,1.3653846153846154
2899,2011,1328,127.48979591836735
2900,2011,1329,70.3061224489796
2901,2011,1330,32.51020408163265
2902,2011,1331,136.24489795918367
2903,2011,1332,113.75510204081633
2904,2011,1333,184.3265306122449
2905,2011,1334,180.22448979591837
2906,2011,1335,185.6122448979592
2907,2011,1336,47.795918367346935
2908,2011,1337,230.85714285714286
2909,2011,1338,5.596153846153846
2910,2011,1339,100.42857142857143
2911,2011,1340,257.1224489795918
2912,2011,1341,332.44897959183675
2913,2011,1342,235.77551020408163
2914,2011,1343,68.06122448979592
2915,2011,1344,114.51020408163265
2916,2011,1345,10.23076923076923
2917,2011,1346,146.55102040816325
2918,2011,1347,331.7959183673469
2919,2011,1348,104.79591836734694
2920,2011,1349,169.24489795918367
2921,2011,1350,35.285714285714285
2922,2011,1351,101.08163265306122
2923,2011,1352,149.57142857142858
2924,2011,1353,95.26530612244898
2925,2011,1354,326.6326530612245
2926,2011,1355,148.3673469387755
2927,2011,1356,208.26530612244898
2928,2011,1357,272.57142857142856
2929,2011,1358,180.6734693877551
2930,2011,1359,287.61224489795916
2931,2011,1360,301.2244897959184
2932,2011,1361,5.384615384615385
2933,2011,1362,133.3877551020408
2934,2011,1363,167.08163265306123
2935,2011,1364,148.18367346938774
2936,2011,1365,145.57142857142858
2937,2011,1366,264.7959183673469
2938,2011,1367,318.1224489795918
2939,2011,1368,240.83673469387756
2940,2011,1369,302.6326530612245
2941,2011,1370,273.57142857142856
2942,2011,1371,83.44897959183673
2943,2011,1372,209.22448979591837
2944,2011,1373,211.30612244897958
2945,2011,1374,162.14285714285714
2946,2011,1375,273.2857142857143
2947,2011,1376,127.0204081632653
2948,2011,1377,284.7142857142857
2949,2011,1378,146.12244897959184
2950,2011,1379,70.46938775510205
2951,2011,1380,344.2244897959184
2952,2011,1381,266.83673469387753
2953,2011,1382,131.28571428571428
2954,2011,1383,214.6530612244898
2955,2011,1384,284.44897959183675
2956,2011,1385,28.274509803921568
2957,2011,1386,186.3265306122449
2958,2011,1387,158.20408163265307
2959,2011,1388,46.857142857142854
2960,2011,1389,119.6734693877551
2961,2011,1390,122.12244897959184
2962,2011,1391,302.3265306122449
2963,2011,1392,237.6734693877551
2964,2011,1393,11.23076923076923
2965,2011,1394,300.8979591836735
2966,2011,1395,189.51020408163265
2967,2011,1396,30.53061224489796
2968,2011,1397,50.87755102040816
2969,2011,1398,241.12244897959184
2970,2011,1399,188.20408163265307
2971,2011,1400,8.76923076923077
2972,2011,1401,31.294117647058822
2973,2011,1402,237.08163265306123
2974,2011,1403,137.6734693877551
2975,2011,1404,295.1020408163265
2976,2011,1405,333.0204081632653
2977,2011,1406,295.9387755102041
2978,2011,1407,284.18367346938777
2979,2011,1408,211.3877551020408
2980,2011,1409,88.3265306122449
2981,2011,1410,338.38775510204084
2982,2011,1411,231.77551020408163
2983,2011,1412,49.775510204081634
2984,2011,1413,270.16326530612247
2985,2011,1414,245.87755102040816
2986,2011,1415,260.6938775510204
2987,2011,1416,89.79591836734694
2988,2011,1417,44.53061224489796
2989,2011,1418,221.42857142857142
2990,2011,1419,325.7551020408163
2991,2011,1420,330.16326530612247
2992,2011,1421,155.0408163265306
2993,2011,1422,289.7142857142857
2994,2011,1423,208.6734693877551
2995,2011,1424,23.62
2996,2011,1425,61.93877551020408
2997,2011,1426,267.0816326530612
2998,2011,1427,204.9387755102041
2999,2011,1428,141.55102040816325
3000,2011,1429,19.21153846153846
3001,2011,1430,243.24489795918367
3002,2011,1431,59.93877551020408
3003,2011,1433,68.75510204081633
3004,2011,1434,86.14285714285714
3005,2011,1435,29.666666666666668
3006,2011,1436,114.34693877551021
3007,2011,1437,33.326530612244895
3008,2011,1438,106.79591836734694
3009,2011,1439,45.204081632653065
3010,2011,1440,197.48979591836735
3011,2011,1441,180.77551020408163
3012,2011,1442,331.0408163265306
3013,2011,1443,200.0408163265306
3014,2011,1444,155.16326530612244
3015,2011,1447,220.6734693877551
3016,2011,1448,251.6734693877551
3017,2011,1449,27.076923076923077
3018,2011,1450,60.224489795918366
3019,2011,1451,169.59183673469389
3020,2011,1452,22.784313725490197
3021,2011,1453,170.3265306122449
3022,2011,1454,111.9795918367347
3023,2011,1455,57.734693877551024
3024,2011,1456,227.44897959183675
3025,2011,1457,227.3673469387755
3026,2011,1458,15.0
3027,2011,1459,98.42857142857143
3028,2011,1460,119.55102040816327
3029,2011,1461,239.12244897959184
3030,2011,1462,29.54901960784314
3031,2011,1463,176.57142857142858
3032,2011,1464,262.6326530612245
3033,2012,1102,170.39655172413794
3034,2012,1103,77.74137931034483
3035,2012,1104,37.03448275862069
3036,2012,1105,335.3965517241379
3037,2012,1106,312.7413793103448
3038,2012,1107,203.1206896551724
3039,2012,1108,329.13793103448273
3040,2012,1110,160.36206896551724
3041,2012,1111,250.43103448275863
3042,2012,1112,57.53448275862069
3043,2012,1113,223.36206896551724
3044,2012,1114,182.43103448275863
3045,2012,1115,312.2931034482759
3046,2012,1116,110.0
3047,2012,1117,205.05172413793105
3048,2012,1119,290.41379310344826
3049,2012,1120,136.5344827586207
3050,2012,1122,219.31034482758622
3051,2012,1123,215.79310344827587
3052,2012,1124,11.754098360655737
3053,2012,1125,44.63793103448276
3054,2012,1126,249.4655172413793
3055,2012,1127,342.44827586206895
3056,2012,1129,154.10344827586206
3057,2012,1130,233.17241379310346
3058,2012,1131,198.18965517241378
3059,2012,1132,147.20689655172413
3060,2012,1133,265.58620689655174
3061,2012,1135,307.7758620689655
3062,2012,1136,339.48275862068965
3063,2012,1137,98.94827586206897
3064,2012,1138,93.79310344827586
3065,2012,1139,118.3103448275862
3066,2012,1140,44.93103448275862
3067,2012,1141,261.63793103448273
3068,2012,1142,187.72413793103448
3069,2012,1143,37.310344827586206
3070,2012,1144,226.24137931034483
3071,2012,1145,325.5
3072,2012,1146,321.91379310344826
3073,2012,1148,228.74137931034483
3074,2012,1149,179.41379310344828
3075,2012,1150,167.24137931034483
3076,2012,1151,282.01724137931035
3077,2012,1152,335.3965517241379
3078,2012,1153,34.51724137931034
3079,2012,1154,319.1551724137931
3080,2012,1155,112.98275862068965
3081,2012,1156,89.0
3082,2012,1157,189.9655172413793
3083,2012,1158,145.01724137931035
3084,2012,1159,312.94827586206895
3085,2012,1160,70.36206896551724
3086,2012,1161,64.56896551724138
3087,2012,1162,192.82758620689654
3088,2012,1163,41.44827586206897
3089,2012,1164,273.98275862068965
3090,2012,1165,200.5344827586207
3091,2012,1166,21.983333333333334
3092,2012,1167,221.77586206896552
3093,2012,1168,153.32758620689654
3094,2012,1169,308.94827586206895
3095,2012,1170,294.82758620689657
3096,2012,1171,309.32758620689657
3097,2012,1172,61.46551724137931
3098,2012,1173,75.67241379310344
3099,2012,1174,158.27586206896552
3100,2012,1175,246.3448275862069
3101,2012,1176,84.84482758620689
3102,2012,1177,169.86206896551724
3103,2012,1178,116.36206896551724
3104,2012,1179,125.72413793103448
3105,2012,1180,53.12068965517241
3106,2012,1181,9.540983606557377
3107,2012,1182,122.5
3108,2012,1183,286.94827586206895
3109,2012,1184,244.4655172413793
3110,2012,1185,246.39655172413794
3111,2012,1186,219.44827586206895
3112,2012,1187,155.89655172413794
3113,2012,1188,297.3448275862069
3114,2012,1189,237.32758620689654
3115,2012,1190,169.1551724137931
3116,2012,1191,126.25862068965517
3117,2012,1192,335.3448275862069
3118,2012,1193,126.36206896551724
3119,2012,1194,223.10344827586206
3120,2012,1195,196.94827586206895
3121,2012,1196,23.666666666666668
3122,2012,1197,315.17241379310343
3123,2012,1198,259.98275862068965
3124,2012,1199,20.016393442622952
3125,2012,1200,241.44827586206895
3126,2012,1201,205.9655172413793
3127,2012,1202,231.89655172413794
3128,2012,1203,191.44827586206895
3129,2012,1204,221.36206896551724
3130,2012,1205,281.67241379310343
3131,2012,1206,95.25862068965517
3132,2012,1207,18.18032786885246
3133,2012,1208,106.34482758620689
3134,2012,1209,115.32758620689656
3135,2012,1210,180.86206896551724
3136,2012,1211,24.06896551724138
3137,2012,1212,342.6551724137931
3138,2012,1214,287.0689655172414
3139,2012,1216,307.2758620689655
3140,2012,1217,41.69491525423729
3141,2012,1218,195.9655172413793
3142,2012,1219,251.08620689655172
3143,2012,1220,236.82758620689654
3144,2012,1221,205.8793103448276
3145,2012,1222,175.89655172413794
3146,2012,1223,317.3448275862069
3147,2012,1224,303.7758620689655
3148,2012,1225,150.67241379310346
3149,2012,1226,296.0
3150,2012,1227,283.7586206896552
3151,2012,1228,79.25862068965517
3152,2012,1229,96.24137931034483
3153,2012,1231,13.114754098360656
3154,2012,1232,128.4655172413793
3155,2012,1233,55.8448275862069
3156,2012,1234,97.05172413793103
3157,2012,1235,32.56896551724138
3158,2012,1236,267.17241379310343
3159,2012,1237,203.3448275862069
3160,2012,1238,328.1896551724138
3161,2012,1239,267.1551724137931
3162,2012,1240,221.43103448275863
3163,2012,1241,253.10344827586206
3164,2012,1242,5.60655737704918
3165,2012,1243,30.310344827586206
3166,2012,1244,330.6034482758621
3167,2012,1245,115.15517241379311
3168,2012,1246,1.2295081967213115
3169,2012,1247,77.10344827586206
3170,2012,1248,231.89655172413794
3171,2012,1249,115.36206896551724
3172,2012,1250,86.08620689655173
3173,2012,1251,273.5344827586207
3174,2012,1252,227.6551724137931
3175,2012,1253,44.44827586206897
3176,2012,1254,124.12068965517241
3177,2012,1255,328.4310344827586
3178,2012,1256,175.39655172413794
3179,2012,1257,17.78688524590164
3180,2012,1258,125.03448275862068
3181,2012,1259,105.29310344827586
3182,2012,1260,288.2068965517241
3183,2012,1261,88.29310344827586
3184,2012,1263,278.32758620689657
3185,2012,1264,144.0
3186,2012,1265,241.48275862068965
3187,2012,1266,13.721311475409836
3188,2012,1267,73.06896551724138
3189,2012,1268,109.84482758620689
3190,2012,1269,77.22413793103448
3191,2012,1270,204.70689655172413
3192,2012,1271,323.98275862068965
3193,2012,1272,16.52542372881356
3194,2012,1273,126.27586206896552
3195,2012,1274,52.93103448275862
3196,2012,1275,224.9655172413793
3197,2012,1276,20.75409836065574
3198,2012,1277,4.360655737704918
3199,2012,1278,65.98275862068965
3200,2012,1279,74.44827586206897
3201,2012,1280,67.08620689655173
3202,2012,1281,5.901639344262295
3203,2012,1282,275.2586206896552
3204,2012,1283,117.75862068965517
3205,2012,1284,265.58620689655174
3206,2012,1285,79.74137931034483
3207,2012,1286,276.6034482758621
3208,2012,1287,190.72413793103448
3209,2012,1288,285.0
3210,2012,1290,198.8793103448276
3211,2012,1291,300.3965517241379
3212,2012,1292,56.0
3213,2012,1293,25.442622950819672
3214,2012,1294,267.51724137931035
3215,2012,1295,166.3793103448276
3216,2012,1296,324.67241379310343
3217,2012,1298,329.2931034482759
3218,2012,1299,296.12068965517244
3219,2012,1300,232.41379310344828
3220,2012,1301,47.53448275862069
3221,2012,1303,326.1219512195122
3222,2012,1304,144.32758620689654
3223,2012,1305,73.1896551724138
3224,2012,1306,283.0
3225,2012,1307,19.868852459016395
3226,2012,1308,64.55172413793103
3227,2012,1310,235.4655172413793
3228,2012,1311,309.2413793103448
3229,2012,1312,290.13793103448273
3230,2012,1313,159.25862068965517
3231,2012,1314,4.229508196721311
3232,2012,1315,246.82758620689654
3233,2012,1316,190.86206896551724
3234,2012,1317,170.63793103448276
3235,2012,1318,194.0
3236,2012,1319,333.3103448275862
3237,2012,1320,86.29310344827586
3238,2012,1321,59.98275862068966
3239,2012,1322,225.81034482758622
3240,2012,1323,39.5
3241,2012,1324,150.77586206896552
3242,2012,1325,60.258620689655174
3243,2012,1326,5.213114754098361
3244,2012,1328,108.87931034482759
3245,2012,1329,106.77586206896552
3246,2012,1330,106.0
3247,2012,1331,63.94827586206897
3248,2012,1332,55.86206896551724
3249,2012,1333,103.51724137931035
3250,2012,1334,275.05172413793105
3251,2012,1335,119.29310344827586
3252,2012,1336,144.08620689655172
3253,2012,1337,270.6896551724138
3254,2012,1338,85.87931034482759
3255,2012,1339,272.5
3256,2012,1340,197.0344827586207
3257,2012,1341,308.2758620689655
3258,2012,1342,243.0
3259,2012,1343,105.91379310344827
3260,2012,1344,132.82758620689654
3261,2012,1345,37.55172413793103
3262,2012,1346,166.27586206896552
3263,2012,1347,322.98275862068965
3264,2012,1348,238.22413793103448
3265,2012,1349,152.82758620689654
3266,2012,1350,124.75862068965517
3267,2012,1351,220.93103448275863
3268,2012,1352,123.46551724137932
3269,2012,1353,133.29310344827587
3270,2012,1354,341.36206896551727
3271,2012,1355,58.0
3272,2012,1356,241.22413793103448
3273,2012,1357,244.81034482758622
3274,2012,1358,273.7931034482759
3275,2012,1359,273.6034482758621
3276,2012,1360,206.98275862068965
3277,2012,1361,35.295081967213115
3278,2012,1362,131.27586206896552
3279,2012,1363,273.08620689655174
3280,2012,1364,111.70689655172414
3281,2012,1365,284.3448275862069
3282,2012,1366,180.63793103448276
3283,2012,1367,153.55172413793105
3284,2012,1368,290.94827586206895
3285,2012,1369,236.25862068965517
3286,2012,1370,232.68965517241378
3287,2012,1371,55.758620689655174
3288,2012,1372,174.51724137931035
3289,2012,1373,220.5344827586207
3290,2012,1374,199.6551724137931
3291,2012,1375,178.82758620689654
3292,2012,1376,178.70689655172413
3293,2012,1377,277.86206896551727
3294,2012,1378,63.258620689655174
3295,2012,1379,51.48275862068966
3296,2012,1380,291.6551724137931
3297,2012,1381,225.1206896551724
3298,2012,1382,68.84482758620689
3299,2012,1383,225.56896551724137
3300,2012,1384,315.6896551724138
3301,2012,1385,151.08620689655172
3302,2012,1386,71.75862068965517
3303,2012,1387,28.362068965517242
3304,2012,1388,29.049180327868854
3305,2012,1389,318.2931034482759
3306,2012,1390,70.37931034482759
3307,2012,1391,271.01724137931035
3308,2012,1392,148.81034482758622
3309,2012,1393,3.5081967213114753
3310,2012,1394,313.9655172413793
3311,2012,1395,126.03448275862068
3312,2012,1396,29.54237288135593
3313,2012,1397,71.37931034482759
3314,2012,1398,147.72413793103448
3315,2012,1399,169.05172413793105
3316,2012,1400,42.43103448275862
3317,2012,1401,133.24137931034483
3318,2012,1402,270.9310344827586
3319,2012,1403,226.6551724137931
3320,2012,1404,333.36206896551727
3321,2012,1405,200.6551724137931
3322,2012,1406,333.05172413793105
3323,2012,1407,259.32758620689657
3324,2012,1408,200.48275862068965
3325,2012,1409,108.29310344827586
3326,2012,1410,306.94827586206895
3327,2012,1411,264.1896551724138
3328,2012,1412,127.12068965517241
3329,2012,1413,327.7241379310345
3330,2012,1414,251.56896551724137
3331,2012,1415,253.06896551724137
3332,2012,1416,79.63793103448276
3333,2012,1417,88.22413793103448
3334,2012,1418,191.82758620689654
3335,2012,1419,316.7586206896552
3336,2012,1420,340.44827586206895
3337,2012,1421,114.41379310344827
3338,2012,1422,254.5
3339,2012,1423,240.68965517241378
3340,2012,1424,27.737704918032787
3341,2012,1425,247.60344827586206
3342,2012,1426,111.41379310344827
3343,2012,1427,185.06896551724137
3344,2012,1428,283.8965517241379
3345,2012,1429,144.5
3346,2012,1430,220.0
3347,2012,1431,144.0
3348,2012,1433,44.224137931034484
3349,2012,1434,115.65517241379311
3350,2012,1435,20.557377049180328
3351,2012,1436,136.18965517241378
3352,2012,1437,111.32758620689656
3353,2012,1438,37.06896551724138
3354,2012,1439,99.0
3355,2012,1440,252.86206896551724
3356,2012,1441,223.31034482758622
3357,2012,1442,163.56896551724137
3358,2012,1443,185.3793103448276
3359,2012,1444,192.51724137931035
3360,2012,1447,96.0
3361,2012,1448,181.9655172413793
3362,2012,1449,60.41379310344828
3363,2012,1450,146.44827586206895
3364,2012,1451,97.12068965517241
3365,2012,1452,49.12068965517241
3366,2012,1453,168.70689655172413
3367,2012,1454,138.70689655172413
3368,2012,1455,13.15
3369,2012,1456,299.37931034482756
3370,2012,1457,272.08620689655174
3371,2012,1458,14.426229508196721
3372,2012,1459,182.1206896551724
3373,2012,1460,214.36206896551724
3374,2012,1461,83.15517241379311
3375,2012,1462,57.275862068965516
3376,2012,1463,139.08620689655172
3377,2012,1464,171.39655172413794
3378,2013,1102,89.3157894736842
3379,2013,1103,50.59649122807018
3380,2013,1104,65.10526315789474
3381,2013,1105,330.2280701754386
3382,2013,1106,329.8070175438597
3383,2013,1107,133.89473684210526
3384,2013,1108,322.1578947368421
3385,2013,1110,275.4035087719298
3386,2013,1111,249.5438596491228
3387,2013,1112,19.557377049180328
3388,2013,1113,73.0701754385965
3389,2013,1114,197.56140350877192
3390,2013,1115,247.80701754385964
3391,2013,1116,76.47368421052632
3392,2013,1117,150.98245614035088
3393,2013,1119,185.96491228070175
3394,2013,1120,217.28070175438597
3395,2013,1122,311.50877192982455
3396,2013,1123,227.91228070175438
3397,2013,1124,55.526315789473685
3398,2013,1125,40.827586206896555
3399,2013,1126,274.719298245614
3400,2013,1127,342.35087719298247
3401,2013,1129,48.93103448275862
3402,2013,1130,102.7719298245614
3403,2013,1131,156.71929824561403
3404,2013,1132,226.33333333333334
3405,2013,1133,169.49122807017545
3406,2013,1135,229.6140350877193
3407,2013,1136,170.17543859649123
3408,2013,1137,55.92982456140351
3409,2013,1138,198.17543859649123
3410,2013,1139,34.08620689655172
3411,2013,1140,71.0
3412,2013,1141,257.29824561403507
3413,2013,1142,145.24561403508773
3414,2013,1143,53.89473684210526
3415,2013,1144,293.12280701754383
3416,2013,1145,129.82456140350877
3417,2013,1146,285.87719298245617
3418,2013,1148,244.2982456140351
3419,2013,1149,185.80701754385964
3420,2013,1150,96.56140350877193
3421,2013,1151,291.280701754386
3422,2013,1152,304.0
3423,2013,1153,38.39655172413793
3424,2013,1154,330.4736842105263
3425,2013,1155,139.80701754385964
3426,2013,1156,232.35087719298247
3427,2013,1157,242.89473684210526
3428,2013,1158,133.9298245614035
3429,2013,1159,273.8070175438597
3430,2013,1160,46.01724137931034
3431,2013,1161,27.96551724137931
3432,2013,1162,229.40350877192984
3433,2013,1163,45.172413793103445
3434,2013,1164,319.17543859649123
3435,2013,1165,255.50877192982455
3436,2013,1166,20.3
3437,2013,1167,235.21052631578948
3438,2013,1168,223.40350877192984
3439,2013,1169,223.68421052631578
3440,2013,1170,275.9824561403509
3441,2013,1171,284.10526315789474
3442,2013,1172,63.68421052631579
3443,2013,1173,84.6140350877193
3444,2013,1174,159.3684210526316
3445,2013,1175,275.12280701754383
3446,2013,1176,62.01754385964912
3447,2013,1177,188.28070175438597
3448,2013,1178,82.78947368421052
3449,2013,1179,130.859649122807
3450,2013,1180,194.50877192982455
3451,2013,1181,4.770491803278689
3452,2013,1182,242.2280701754386
3453,2013,1183,275.12280701754383
3454,2013,1184,105.89473684210526
3455,2013,1185,230.31578947368422
3456,2013,1186,302.1929824561403
3457,2013,1187,135.42105263157896
3458,2013,1188,302.2456140350877
3459,2013,1189,185.0
3460,2013,1190,301.63157894736844
3461,2013,1191,96.35087719298245
3462,2013,1192,327.9298245614035
3463,2013,1193,169.7719298245614
3464,2013,1194,226.5438596491228
3465,2013,1195,113.66666666666667
3466,2013,1196,8.21311475409836
3467,2013,1197,330.10526315789474
3468,2013,1198,162.1578947368421
3469,2013,1199,94.8103448275862
3470,2013,1200,249.56140350877192
3471,2013,1201,131.4561403508772
3472,2013,1202,337.5263157894737
3473,2013,1203,132.82456140350877
3474,2013,1204,272.10526315789474
3475,2013,1205,186.78947368421052
3476,2013,1206,150.47368421052633
3477,2013,1207,10.557377049180328
3478,2013,1208,112.24561403508773
3479,2013,1209,193.96491228070175
3480,2013,1210,109.85964912280701
3481,2013,1211,3.4754098360655736
3482,2013,1212,346.859649122807
3483,2013,1214,273.0701754385965
3484,2013,1216,207.57894736842104
3485,2013,1217,102.26315789473684
3486,2013,1218,193.05263157894737
3487,2013,1219,225.52631578947367
3488,2013,1220,307.82456140350877
3489,2013,1221,247.26315789473685
3490,2013,1222,167.01754385964912
3491,2013,1223,306.12280701754383
3492,2013,1224,332.17543859649123
3493,2013,1225,203.2280701754386
3494,2013,1226,326.87719298245617
3495,2013,1227,177.57894736842104
3496,2013,1228,43.5
3497,2013,1229,89.0701754385965
3498,2013,1231,3.901639344262295
3499,2013,1232,96.0
3500,2013,1233,103.56140350877193
3501,2013,1234,47.189655172413794
3502,2013,1235,40.224137931034484
3503,2013,1236,230.08771929824562
3504,2013,1237,331.82456140350877
3505,2013,1238,310.03508771929825
3506,2013,1239,275.29824561403507
3507,2013,1240,182.42105263157896
3508,2013,1241,175.91228070175438
3509,2013,1242,4.770491803278689
3510,2013,1243,20.19672131147541
3511,2013,1244,338.49122807017545
3512,2013,1245,121.10526315789474
3513,2013,1246,50.43859649122807
3514,2013,1247,53.49122807017544
3515,2013,1248,168.98245614035088
3516,2013,1249,343.0175438596491
3517,2013,1250,109.94736842105263
3518,2013,1251,267.12280701754383
3519,2013,1252,272.50877192982455
3520,2013,1253,137.03508771929825
3521,2013,1254,171.31578947368422
3522,2013,1255,334.64912280701753
3523,2013,1256,72.05263157894737
3524,2013,1257,1.8852459016393444
3525,2013,1258,221.28070175438597
3526,2013,1259,120.70175438596492
3527,2013,1260,188.21052631578948
3528,2013,1261,87.26315789473684
3529,2013,1263,269.140350877193
3530,2013,1264,177.17543859649123
3531,2013,1265,249.7017543859649
3532,2013,1266,21.42622950819672
3533,2013,1267,205.42105263157896
3534,2013,1268,56.98245614035088
3535,2013,1269,69.73684210526316
3536,2013,1270,274.140350877193
3537,2013,1271,344.5263157894737
3538,2013,1272,20.475409836065573
3539,2013,1273,129.8421052631579
3540,2013,1274,9.311475409836065
3541,2013,1275,264.0175438596491
3542,2013,1276,12.836065573770492
3543,2013,1277,11.180327868852459
3544,2013,1278,35.87931034482759
3545,2013,1279,34.59322033898305
3546,2013,1280,229.10526315789474
3547,2013,1281,30.96551724137931
3548,2013,1282,311.4736842105263
3549,2013,1283,205.7017543859649
3550,2013,1284,297.17543859649123
3551,2013,1285,107.32758620689656
3552,2013,1286,296.1578947368421
3553,2013,1287,210.80701754385964
3554,2013,1288,220.08771929824562
3555,2013,1290,341.2456140350877
3556,2013,1291,183.9298245614035
3557,2013,1292,40.13793103448276
3558,2013,1293,120.96491228070175
3559,2013,1294,254.57894736842104
3560,2013,1295,89.73684210526316
3561,2013,1296,326.0
3562,2013,1297,257.09090909090907
3563,2013,1298,311.5438596491228
3564,2013,1299,223.56140350877192
3565,2013,1300,163.94736842105263
3566,2013,1301,30.913793103448278
3567,2013,1303,300.3157894736842
3568,2013,1304,114.52631578947368
3569,2013,1305,167.68421052631578
3570,2013,1306,284.17543859649123
3571,2013,1307,12.19672131147541
3572,2013,1308,73.2280701754386
3573,2013,1309,335.7719298245614
3574,2013,1310,134.26315789473685
3575,2013,1311,291.2456140350877
3576,2013,1312,260.280701754386
3577,2013,1313,190.71929824561403
3578,2013,1314,26.948275862068964
3579,2013,1315,243.71929824561403
3580,2013,1316,248.01754385964912
3581,2013,1317,247.52631578947367
3582,2013,1318,158.0701754385965
3583,2013,1319,291.9298245614035
3584,2013,1320,78.91228070175438
3585,2013,1321,140.1578947368421
3586,2013,1322,110.84210526315789
3587,2013,1323,27.65
3588,2013,1324,192.140350877193
3589,2013,1325,77.15789473684211
3590,2013,1326,7.163934426229508
3591,2013,1328,47.0
3592,2013,1329,22.327868852459016
3593,2013,1330,295.7894736842105
3594,2013,1331,162.859649122807
3595,2013,1332,36.557377049180324
3596,2013,1333,127.52631578947368
3597,2013,1334,108.43859649122807
3598,2013,1335,264.96491228070175
3599,2013,1336,165.50877192982455
3600,2013,1337,224.28070175438597
3601,2013,1338,19.0
3602,2013,1339,249.3859649122807
3603,2013,1340,317.9298245614035
3604,2013,1341,310.9122807017544
3605,2013,1342,334.7543859649123
3606,2013,1343,120.49122807017544
3607,2013,1344,74.33333333333333
3608,2013,1345,90.15789473684211
3609,2013,1346,204.91228070175438
3610,2013,1347,300.50877192982455
3611,2013,1348,202.50877192982455
3612,2013,1349,316.5263157894737
3613,2013,1350,91.36842105263158
3614,2013,1351,156.91228070175438
3615,2013,1352,132.24561403508773
3616,2013,1353,105.59649122807018
3617,2013,1354,339.12280701754383
3618,2013,1355,89.57894736842105
3619,2013,1356,178.98245614035088
3620,2013,1357,276.43859649122805
3621,2013,1358,229.49122807017545
3622,2013,1359,289.49122807017545
3623,2013,1360,172.52631578947367
3624,2013,1361,34.43103448275862
3625,2013,1362,154.49122807017545
3626,2013,1363,287.2280701754386
3627,2013,1364,229.4561403508772
3628,2013,1365,92.10526315789474
3629,2013,1366,201.859649122807
3630,2013,1367,218.0701754385965
3631,2013,1368,256.94736842105266
3632,2013,1369,215.0
3633,2013,1370,269.140350877193
3634,2013,1371,124.28070175438596
3635,2013,1372,71.47368421052632
3636,2013,1373,295.4561403508772
3637,2013,1374,189.8421052631579
3638,2013,1375,174.33333333333334
3639,2013,1376,199.08771929824562
3640,2013,1377,261.35087719298247
3641,2013,1378,137.49122807017545
3642,2013,1379,54.526315789473685
3643,2013,1380,175.33333333333334
3644,2013,1381,307.0877192982456
3645,2013,1382,130.42105263157896
3646,2013,1383,236.26315789473685
3647,2013,1384,327.03508771929825
3648,2013,1385,95.47368421052632
3649,2013,1386,81.01754385964912
3650,2013,1387,15.655737704918034
3651,2013,1388,27.83050847457627
3652,2013,1389,285.0877192982456
3653,2013,1390,59.63157894736842
3654,2013,1391,224.78947368421052
3655,2013,1392,78.12280701754386
3656,2013,1393,14.721311475409836
3657,2013,1394,314.9824561403509
3658,2013,1395,233.3684210526316
3659,2013,1396,48.5
3660,2013,1397,60.68421052631579
3661,2013,1398,155.2982456140351
3662,2013,1399,258.57894736842104
3663,2013,1400,101.84210526315789
3664,2013,1401,97.89473684210526
3665,2013,1402,252.78947368421052
3666,2013,1403,216.5438596491228
3667,2013,1404,321.96491228070175
3668,2013,1405,186.96491228070175
3669,2013,1406,169.52631578947367
3670,2013,1407,264.9122807017544
3671,2013,1408,156.7017543859649
3672,2013,1409,155.9298245614035
3673,2013,1410,293.50877192982455
3674,2013,1411,176.8421052631579
3675,2013,1412,157.96491228070175
3676,2013,1413,207.50877192982455
3677,2013,1414,139.64912280701753
3678,2013,1415,316.719298245614
3679,2013,1416,110.21052631578948
3680,2013,1417,34.266666666666666
3681,2013,1418,228.73684210526315
3682,2013,1419,321.49122807017545
3683,2013,1420,308.5964912280702
3684,2013,1421,219.3859649122807
3685,2013,1422,301.12280701754383
3686,2013,1423,289.5964912280702
3687,2013,1424,30.155172413793103
3688,2013,1425,108.87719298245614
3689,2013,1426,132.31578947368422
3690,2013,1427,258.56140350877195
3691,2013,1428,128.28070175438597
3692,2013,1429,107.01754385964912
3693,2013,1430,289.3157894736842
3694,2013,1431,103.45614035087719
3695,2013,1433,22.847457627118644
3696,2013,1434,59.98245614035088
3697,2013,1435,102.19298245614036
3698,2013,1436,137.9298245614035
3699,2013,1437,52.666666666666664
3700,2013,1438,50.89473684210526
3701,2013,1439,161.859649122807
3702,2013,1440,288.2280701754386
3703,2013,1441,253.59649122807016
3704,2013,1442,142.7017543859649
3705,2013,1443,163.859649122807
3706,2013,1444,145.64912280701753
3707,2013,1447,169.98245614035088
3708,2013,1448,141.89473684210526
3709,2013,1449,79.35087719298245
3710,2013,1450,127.78947368421052
3711,2013,1451,90.3157894736842
3712,2013,1452,138.24561403508773
3713,2013,1453,136.28070175438597
3714,2013,1454,295.7543859649123
3715,2013,1455,34.63793103448276
3716,2013,1456,232.75438596491227
3717,2013,1457,264.4035087719298
3718,2013,1458,19.295081967213115
3719,2013,1459,253.859649122807
3720,2013,1460,126.21052631578948
3721,2013,1461,91.2280701754386
3722,2013,1462,81.98245614035088
3723,2013,1463,202.6140350877193
3724,2013,1464,192.2280701754386
3725,2014,1101,338.1636363636364
3726,2014,1102,229.19672131147541
3727,2014,1103,113.88524590163935
3728,2014,1104,106.9672131147541
3729,2014,1105,292.344262295082
3730,2014,1106,272.6393442622951
3731,2014,1107,191.98360655737704
3732,2014,1108,318.672131147541
3733,2014,1110,131.7704918032787
3734,2014,1111,328.655737704918
3735,2014,1112,2.3846153846153846
3736,2014,1113,42.85245901639344
3737,2014,1114,217.81967213114754
3738,2014,1115,299.04918032786884
3739,2014,1116,49.73770491803279
3740,2014,1117,168.1639344262295
3741,2014,1119,231.50819672131146
3742,2014,1120,132.59016393442624
3743,2014,1122,291.9672131147541
3744,2014,1123,302.0
3745,2014,1124,29.3015873015873
3746,2014,1125,93.11475409836065
3747,2014,1126,339.2950819672131
3748,2014,1127,332.8688524590164
3749,2014,1129,75.67213114754098
3750,2014,1130,172.80327868852459
3751,2014,1131,108.78688524590164
3752,2014,1132,210.63934426229508
3753,2014,1133,221.98360655737704
3754,2014,1135,192.62295081967213
3755,2014,1136,200.40983606557376
3756,2014,1137,169.49180327868854
3757,2014,1138,103.54098360655738
3758,2014,1139,110.65573770491804
3759,2014,1140,45.32786885245902
3760,2014,1141,283.37704918032784
3761,2014,1142,199.55737704918033
3762,2014,1143,62.75409836065574
3763,2014,1144,317.78688524590166
3764,2014,1145,125.31147540983606
3765,2014,1146,327.1639344262295
3766,2014,1148,304.39344262295083
3767,2014,1149,251.08196721311475
3768,2014,1150,159.52459016393442
3769,2014,1151,259.04918032786884
3770,2014,1152,273.327868852459
3771,2014,1153,20.83076923076923
3772,2014,1154,341.21311475409834
3773,2014,1155,62.032786885245905
3774,2014,1156,97.77049180327869
3775,2014,1157,201.08196721311475
3776,2014,1158,212.91803278688525
3777,2014,1159,223.63934426229508
3778,2014,1160,45.645161290322584
3779,2014,1161,144.0655737704918
3780,2014,1162,138.04918032786884
3781,2014,1163,22.907692307692308
3782,2014,1164,289.40983606557376
3783,2014,1165,339.5245901639344
3784,2014,1166,11.25
3785,2014,1167,250.7377049180328
3786,2014,1168,255.91803278688525
3787,2014,1169,229.65573770491804
3788,2014,1170,261.9344262295082
3789,2014,1171,249.59016393442624
3790,2014,1172,130.9344262295082
3791,2014,1173,50.47540983606557
3792,2014,1174,91.9672131147541
3793,2014,1175,318.8524590163934
3794,2014,1176,144.80327868852459
3795,2014,1177,156.70491803278688
3796,2014,1178,211.54098360655738
3797,2014,1179,176.44262295081967
3798,2014,1180,143.68852459016392
3799,2014,1181,9.938461538461539
3800,2014,1182,164.21311475409837
3801,2014,1183,292.4918032786885
3802,2014,1184,124.24590163934427
3803,2014,1185,114.37704918032787
3804,2014,1186,230.9016393442623
3805,2014,1187,212.9672131147541
3806,2014,1188,300.9344262295082
3807,2014,1189,189.0327868852459
3808,2014,1190,220.55737704918033
3809,2014,1191,199.65573770491804
3810,2014,1192,292.6393442622951
3811,2014,1193,286.4918032786885
3812,2014,1194,257.57377049180326
3813,2014,1195,166.31147540983608
3814,2014,1196,2.0923076923076924
3815,2014,1197,296.21311475409834
3816,2014,1198,217.04918032786884
3817,2014,1199,51.21311475409836
3818,2014,1200,216.78688524590163
3819,2014,1201,124.98360655737704
3820,2014,1202,335.44262295081967
3821,2014,1203,41.064516129032256
3822,2014,1204,293.0163934426229
3823,2014,1205,244.52459016393442
3824,2014,1206,157.37704918032787
3825,2014,1207,61.442622950819676
3826,2014,1208,74.40983606557377
3827,2014,1209,81.32786885245902
3828,2014,1210,116.93442622950819
3829,2014,1211,22.571428571428573
3830,2014,1212,348.21666666666664
3831,2014,1213,228.57627118644066
3832,2014,1214,210.04918032786884
3833,2014,1216,236.60655737704917
3834,2014,1217,41.37096774193548
3835,2014,1218,135.50819672131146
3836,2014,1219,231.81967213114754
3837,2014,1220,269.344262295082
3838,2014,1221,157.98360655737704
3839,2014,1222,133.81967213114754
3840,2014,1223,340.62295081967216
3841,2014,1224,333.672131147541
3842,2014,1225,240.9344262295082
3843,2014,1226,268.3606557377049
3844,2014,1227,291.9016393442623
3845,2014,1228,61.68852459016394
3846,2014,1229,142.91803278688525
3847,2014,1230,233.10714285714286
3848,2014,1231,72.1639344262295
3849,2014,1232,95.60655737704919
3850,2014,1233,82.80327868852459
3851,2014,1234,35.016129032258064
3852,2014,1235,12.676923076923076
3853,2014,1236,127.39344262295081
3854,2014,1237,327.0655737704918
3855,2014,1238,301.8688524590164
3856,2014,1239,290.42622950819674
3857,2014,1240,312.11475409836066
3858,2014,1241,256.95081967213116
3859,2014,1242,7.123076923076923
3860,2014,1243,46.16129032258065
3861,2014,1244,335.672131147541
3862,2014,1245,186.75409836065575
3863,2014,1246,21.904761904761905
3864,2014,1247,113.90163934426229
3865,2014,1248,258.44262295081967
3866,2014,1249,341.1639344262295
3867,2014,1250,245.21311475409837
3868,2014,1251,300.78688524590166
3869,2014,1252,245.04918032786884
3870,2014,1253,161.4262295081967
3871,2014,1254,311.62295081967216
3872,2014,1255,343.21311475409834
3873,2014,1256,46.854838709677416
3874,2014,1257,6.507692307692308
3875,2014,1258,179.70491803278688
3876,2014,1259,287.0327868852459
3877,2014,1260,259.24590163934425
3878,2014,1261,68.14754098360656
3879,2014,1262,307.3898305084746
3880,2014,1263,337.7704918032787
3881,2014,1264,72.26229508196721
3882,2014,1265,235.60655737704917
3883,2014,1266,71.57377049180327
3884,2014,1267,253.39344262295083
3885,2014,1268,64.32786885245902
3886,2014,1269,39.32258064516129
3887,2014,1270,295.11475409836066
3888,2014,1271,340.8360655737705
3889,2014,1272,37.301587301587304
3890,2014,1273,93.72131147540983
3891,2014,1274,89.72131147540983
3892,2014,1275,196.95081967213116
3893,2014,1276,12.015384615384615
3894,2014,1277,12.092307692307692
3895,2014,1278,55.75409836065574
3896,2014,1279,85.9672131147541
3897,2014,1280,193.98360655737704
3898,2014,1281,59.21311475409836
3899,2014,1282,272.8196721311475
3900,2014,1283,122.75409836065573
3901,2014,1284,278.3606557377049
3902,2014,1285,205.4262295081967
3903,2014,1286,282.0327868852459
3904,2014,1287,167.5737704918033
3905,2014,1288,226.5737704918033
3906,2014,1290,342.6885245901639
3907,2014,1291,212.86885245901638
3908,2014,1292,82.44262295081967
3909,2014,1293,159.2295081967213
3910,2014,1294,207.70491803278688
3911,2014,1295,56.14754098360656
3912,2014,1296,195.14754098360655
3913,2014,1297,305.53333333333336
3914,2014,1298,310.42622950819674
3915,2014,1299,333.1803278688525
3916,2014,1300,85.54838709677419
3917,2014,1301,59.83606557377049
3918,2014,1303,188.1
3919,2014,1304,51.16129032258065
3920,2014,1305,146.01639344262296
3921,2014,1306,333.1311475409836
3922,2014,1307,22.03076923076923
3923,2014,1308,77.70491803278688
3924,2014,1309,294.21311475409834
3925,2014,1310,293.5245901639344
3926,2014,1311,279.91803278688525
3927,2014,1312,305.1639344262295
3928,2014,1313,242.47540983606558
3929,2014,1314,24.907692307692308
3930,2014,1315,227.55737704918033
3931,2014,1316,238.47540983606558
3932,2014,1317,211.18032786885246
3933,2014,1318,220.4262295081967
3934,2014,1319,248.9672131147541
3935,2014,1320,110.68852459016394
3936,2014,1321,119.32786885245902
3937,2014,1322,180.0
3938,2014,1323,104.31147540983606
3939,2014,1324,192.50819672131146
3940,2014,1325,102.21311475409836
3941,2014,1326,20.50769230769231
3942,2014,1328,24.3125
3943,2014,1329,28.35483870967742
3944,2014,1330,175.88524590163934
3945,2014,1331,193.88524590163934
3946,2014,1332,27.41269841269841
3947,2014,1333,93.77049180327869
3948,2014,1334,147.40983606557376
3949,2014,1335,274.1311475409836
3950,2014,1336,91.26229508196721
3951,2014,1337,157.21311475409837
3952,2014,1338,24.5
3953,2014,1339,133.9016393442623
3954,2014,1340,247.72131147540983
3955,2014,1341,318.7049180327869
3956,2014,1342,348.27868852459017
3957,2014,1343,108.1311475409836
3958,2014,1344,43.0
3959,2014,1345,104.59016393442623
3960,2014,1346,140.91803278688525
3961,2014,1347,238.36065573770492
3962,2014,1348,137.54098360655738
3963,2014,1349,302.8360655737705
3964,2014,1350,89.14754098360656
3965,2014,1351,222.44262295081967
3966,2014,1352,166.2295081967213
3967,2014,1353,185.60655737704917
3968,2014,1354,335.0163934426229
3969,2014,1355,136.72131147540983
3970,2014,1356,177.81967213114754
3971,2014,1357,327.11475409836066
3972,2014,1358,164.65573770491804
3973,2014,1359,309.4918032786885
3974,2014,1360,141.672131147541
3975,2014,1361,16.76923076923077
3976,2014,1362,78.26229508196721
3977,2014,1363,289.21311475409834
3978,2014,1364,105.78688524590164
3979,2014,1365,171.14754098360655
3980,2014,1366,282.40983606557376
3981,2014,1367,174.65573770491804
3982,2014,1368,304.62295081967216
3983,2014,1369,228.0327868852459
3984,2014,1370,256.7049180327869
3985,2014,1371,95.55737704918033
3986,2014,1372,60.854838709677416
3987,2014,1373,190.13114754098362
3988,2014,1374,41.24193548387097
3989,2014,1375,259.2295081967213
3990,2014,1376,124.85245901639344
3991,2014,1377,251.34426229508196
3992,2014,1378,198.70491803278688
3993,2014,1379,58.435483870967744
3994,2014,1380,195.27868852459017
3995,2014,1381,347.6885245901639
3996,2014,1382,96.40983606557377
3997,2014,1383,204.327868852459
3998,2014,1384,304.7049180327869
3999,2014,1385,52.33870967741935
4000,2014,1386,44.11290322580645
4001,2014,1387,31.215384615384615
4002,2014,1388,68.21311475409836
4003,2014,1389,238.11475409836066
4004,2014,1390,39.63934426229508
4005,2014,1391,331.0
4006,2014,1392,159.98360655737704
4007,2014,1393,14.338461538461539
4008,2014,1394,230.0
4009,2014,1395,207.18032786885246
4010,2014,1396,175.18032786885246
4011,2014,1397,33.70967741935484
4012,2014,1398,306.0983606557377
4013,2014,1399,241.04918032786884
4014,2014,1400,35.25806451612903
4015,2014,1401,116.9672131147541
4016,2014,1402,292.11475409836066
4017,2014,1403,95.19672131147541
4018,2014,1404,326.39344262295083
4019,2014,1405,76.18032786885246
4020,2014,1406,119.32786885245902
4021,2014,1407,266.1803278688525
4022,2014,1408,232.49180327868854
4023,2014,1409,77.74193548387096
4024,2014,1410,304.8688524590164
4025,2014,1411,240.2295081967213
4026,2014,1412,151.45901639344262
4027,2014,1413,311.0327868852459
4028,2014,1414,106.26229508196721
4029,2014,1415,286.5245901639344
4030,2014,1416,171.0
4031,2014,1417,16.015384615384615
4032,2014,1418,114.40983606557377
4033,2014,1419,246.78688524590163
4034,2014,1420,325.04918032786884
4035,2014,1421,228.18032786885246
4036,2014,1422,295.672131147541
4037,2014,1423,285.73770491803276
4038,2014,1424,84.0
4039,2014,1425,159.29508196721312
4040,2014,1426,211.80327868852459
4041,2014,1427,302.24590163934425
4042,2014,1428,50.032786885245905
4043,2014,1429,116.39344262295081
4044,2014,1430,175.72131147540983
4045,2014,1431,93.29508196721312
4046,2014,1433,22.83076923076923
4047,2014,1434,163.49180327868854
4048,2014,1435,112.93442622950819
4049,2014,1436,107.39344262295081
4050,2014,1437,5.8
4051,2014,1438,7.184615384615385
4052,2014,1439,192.9344262295082
4053,2014,1440,211.36065573770492
4054,2014,1441,228.70491803278688
4055,2014,1442,276.672131147541
4056,2014,1443,156.44262295081967
4057,2014,1444,92.87096774193549
4058,2014,1447,192.2295081967213
4059,2014,1448,105.65573770491804
4060,2014,1449,93.45901639344262
4061,2014,1450,176.59016393442624
4062,2014,1451,163.59016393442624
4063,2014,1452,68.55737704918033
4064,2014,1453,64.14754098360656
4065,2014,1454,145.40983606557376
4066,2014,1455,5.892307692307693
4067,2014,1456,146.59016393442624
4068,2014,1457,211.34426229508196
4069,2014,1458,9.36923076923077
4070,2014,1459,179.04918032786884
4071,2014,1460,147.55737704918033
4072,2014,1461,121.63934426229508
4073,2014,1462,47.950819672131146
4074,2014,1463,175.59016393442624
4075,2014,1464,202.08196721311475
4076,2015,1101,330.58620689655174
4077,2015,1102,205.32758620689654
4078,2015,1103,110.43103448275862
4079,2015,1104,71.8103448275862
4080,2015,1105,333.8103448275862
4081,2015,1106,252.8448275862069
4082,2015,1107,118.87931034482759
4083,2015,1108,346.6551724137931
4084,2015,1110,180.3448275862069
4085,2015,1111,273.67241379310343
4086,2015,1112,4.209677419354839
4087,2015,1113,81.41379310344827
4088,2015,1114,247.32758620689654
4089,2015,1115,315.82758620689657
4090,2015,1116,22.306451612903224
4091,2015,1117,292.08620689655174
4092,2015,1119,243.39655172413794
4093,2015,1120,134.27586206896552
4094,2015,1122,319.0689655172414
4095,2015,1123,275.3448275862069
4096,2015,1124,14.17741935483871
4097,2015,1125,129.72413793103448
4098,2015,1126,332.63793103448273
4099,2015,1127,329.51724137931035
4100,2015,1129,46.7
4101,2015,1130,119.12068965517241
4102,2015,1131,225.58620689655172
4103,2015,1132,107.48275862068965
4104,2015,1133,268.05172413793105
4105,2015,1135,250.74137931034483
4106,2015,1136,219.44827586206895
4107,2015,1137,177.29310344827587
4108,2015,1138,55.36206896551724
4109,2015,1139,24.524590163934427
4110,2015,1140,33.40677966101695
4111,2015,1141,82.41379310344827
4112,2015,1142,180.1206896551724
4113,2015,1143,102.27586206896552
4114,2015,1144,309.4655172413793
4115,2015,1145,175.13793103448276
4116,2015,1146,348.12068965517244
4117,2015,1148,340.2931034482759
4118,2015,1149,183.51724137931035
4119,2015,1150,168.74137931034483
4120,2015,1151,142.10344827586206
4121,2015,1152,329.2413793103448
4122,2015,1153,45.813559322033896
4123,2015,1154,318.2413793103448
4124,2015,1155,86.86206896551724
4125,2015,1156,125.3103448275862
4126,2015,1157,138.44827586206895
4127,2015,1158,287.2758620689655
4128,2015,1159,190.25862068965517
4129,2015,1160,100.1896551724138
4130,2015,1161,48.11666666666667
4131,2015,1162,178.9655172413793
4132,2015,1163,70.44827586206897
4133,2015,1164,328.3965517241379
4134,2015,1165,217.4655172413793
4135,2015,1166,102.79310344827586
4136,2015,1167,271.2758620689655
4137,2015,1168,299.1551724137931
4138,2015,1169,278.01724137931035
4139,2015,1170,187.56896551724137
4140,2015,1171,185.6206896551724
4141,2015,1172,32.33898305084746
4142,2015,1173,42.50847457627118
4143,2015,1174,261.2758620689655
4144,2015,1175,247.5344827586207
4145,2015,1176,226.81034482758622
4146,2015,1177,158.1551724137931
4147,2015,1178,194.77586206896552
4148,2015,1179,267.13793103448273
4149,2015,1180,249.39655172413794
4150,2015,1181,4.661290322580645
4151,2015,1182,210.79310344827587
4152,2015,1183,209.6206896551724
4153,2015,1184,142.98275862068965
4154,2015,1185,134.05172413793105
4155,2015,1186,111.84482758620689
4156,2015,1187,214.20689655172413
4157,2015,1188,267.7241379310345
4158,2015,1189,245.68965517241378
4159,2015,1190,211.01724137931035
4160,2015,1191,123.62068965517241
4161,2015,1192,317.62068965517244
4162,2015,1193,300.5344827586207
4163,2015,1194,294.3103448275862
4164,2015,1195,154.17241379310346
4165,2015,1196,56.258620689655174
4166,2015,1197,349.8103448275862
4167,2015,1198,248.1551724137931
4168,2015,1199,93.70689655172414
4169,2015,1200,220.56896551724137
4170,2015,1201,184.91379310344828
4171,2015,1202,296.0
4172,2015,1203,73.01724137931035
4173,2015,1204,141.6551724137931
4174,2015,1205,195.98275862068965
4175,2015,1206,217.51724137931035
4176,2015,1207,23.24590163934426
4177,2015,1208,37.728813559322035
4178,2015,1209,77.5
4179,2015,1210,115.53448275862068
4180,2015,1211,6.967741935483871
4181,2015,1212,350.9655172413793
4182,2015,1213,248.70689655172413
4183,2015,1214,252.56896551724137
4184,2015,1216,268.4310344827586
4185,2015,1217,77.05172413793103
4186,2015,1218,122.8103448275862
4187,2015,1219,136.13793103448276
4188,2015,1220,133.60344827586206
4189,2015,1221,223.72413793103448
4190,2015,1222,211.41379310344828
4191,2015,1223,302.62068965517244
4192,2015,1224,267.51724137931035
4193,2015,1225,249.18965517241378
4194,2015,1226,323.67241379310343
4195,2015,1227,286.2758620689655
4196,2015,1228,54.728813559322035
4197,2015,1229,74.25862068965517
4198,2015,1230,199.75862068965517
4199,2015,1231,46.49152542372882
4200,2015,1232,176.89655172413794
4201,2015,1233,85.01724137931035
4202,2015,1234,29.508474576271187
4203,2015,1235,11.258064516129032
4204,2015,1236,202.0
4205,2015,1237,279.8448275862069
4206,2015,1238,313.7068965517241
4207,2015,1239,331.9310344827586
4208,2015,1240,305.2241379310345
4209,2015,1241,172.68965517241378
4210,2015,1242,9.790322580645162
4211,2015,1243,80.10344827586206
4212,2015,1244,330.0
4213,2015,1245,111.94827586206897
4214,2015,1246,1.1129032258064515
4215,2015,1247,107.0
4216,2015,1248,161.86206896551724
4217,2015,1249,259.0689655172414
4218,2015,1250,187.01724137931035
4219,2015,1251,338.44827586206895
4220,2015,1252,283.44827586206895
4221,2015,1253,137.67241379310346
4222,2015,1254,274.3965517241379
4223,2015,1255,313.1551724137931
4224,2015,1256,76.36206896551724
4225,2015,1257,16.080645161290324
4226,2015,1258,256.62068965517244
4227,2015,1259,285.01724137931035
4228,2015,1260,135.79310344827587
4229,2015,1261,42.47457627118644
4230,2015,1262,290.9310344827586
4231,2015,1263,344.37931034482756
4232,2015,1264,149.72413793103448
4233,2015,1265,309.2413793103448
4234,2015,1266,111.03448275862068
4235,2015,1267,272.1896551724138
4236,2015,1268,20.096774193548388
4237,2015,1269,112.39655172413794
4238,2015,1270,282.5
4239,2015,1271,212.13793103448276
4240,2015,1272,90.86206896551724
4241,2015,1273,189.91379310344828
4242,2015,1274,44.813559322033896
4243,2015,1275,216.8448275862069
4244,2015,1276,71.91379310344827
4245,2015,1277,20.193548387096776
4246,2015,1278,66.41379310344827
4247,2015,1279,49.16949152542373
4248,2015,1280,167.58620689655172
4249,2015,1281,191.5344827586207
4250,2015,1282,282.48275862068965
4251,2015,1283,252.18965517241378
4252,2015,1284,180.98275862068965
4253,2015,1285,161.1551724137931
4254,2015,1286,322.98275862068965
4255,2015,1287,180.01724137931035
4256,2015,1288,335.2068965517241
4257,2015,1290,346.67241379310343
4258,2015,1291,218.6551724137931
4259,2015,1292,147.3793103448276
4260,2015,1293,64.62068965517241
4261,2015,1294,249.06896551724137
4262,2015,1295,138.63793103448276
4263,2015,1296,182.89655172413794
4264,2015,1297,254.93103448275863
4265,2015,1298,256.13793103448273
4266,2015,1299,337.1896551724138
4267,2015,1300,117.43103448275862
4268,2015,1301,35.74576271186441
4269,2015,1303,270.67241379310343
4270,2015,1304,123.20689655172414
4271,2015,1305,279.32758620689657
4272,2015,1306,193.44827586206895
4273,2015,1307,147.31034482758622
4274,2015,1308,106.60344827586206
4275,2015,1309,308.7413793103448
4276,2015,1310,297.1034482758621
4277,2015,1311,323.4310344827586
4278,2015,1312,175.94827586206895
4279,2015,1313,191.22413793103448
4280,2015,1314,11.836065573770492
4281,2015,1315,316.58620689655174
4282,2015,1316,143.5
4283,2015,1317,228.93103448275863
4284,2015,1318,112.44827586206897
4285,2015,1319,191.0
4286,2015,1320,18.838709677419356
4287,2015,1321,109.03448275862068
4288,2015,1322,190.91379310344828
4289,2015,1323,10.17741935483871
4290,2015,1324,166.4655172413793
4291,2015,1325,230.51724137931035
4292,2015,1326,24.033898305084747
4293,2015,1328,14.612903225806452
4294,2015,1329,43.08474576271186
4295,2015,1330,60.758620689655174
4296,2015,1331,192.20689655172413
4297,2015,1332,37.63333333333333
4298,2015,1333,110.62068965517241
4299,2015,1334,230.13793103448276
4300,2015,1335,274.5344827586207
4301,2015,1336,88.94827586206897
4302,2015,1337,113.08620689655173
4303,2015,1338,74.63793103448276
4304,2015,1339,132.81034482758622
4305,2015,1340,245.98275862068965
4306,2015,1341,285.67241379310343
4307,2015,1342,327.44827586206895
4308,2015,1343,165.0344827586207
4309,2015,1344,26.661016949152543
4310,2015,1345,43.59322033898305
4311,2015,1346,196.1551724137931
4312,2015,1347,172.68965517241378
4313,2015,1348,58.206896551724135
4314,2015,1349,230.93103448275863
4315,2015,1350,66.32758620689656
4316,2015,1351,150.72413793103448
4317,2015,1352,173.4655172413793
4318,2015,1353,184.6206896551724
4319,2015,1354,328.4310344827586
4320,2015,1355,108.6896551724138
4321,2015,1356,244.01724137931035
4322,2015,1357,245.79310344827587
4323,2015,1358,94.6896551724138
4324,2015,1359,284.98275862068965
4325,2015,1360,123.84482758620689
4326,2015,1361,33.96666666666667
4327,2015,1362,152.13793103448276
4328,2015,1363,344.32758620689657
4329,2015,1364,108.01724137931035
4330,2015,1365,181.82758620689654
4331,2015,1366,335.4655172413793
4332,2015,1367,167.0
4333,2015,1368,314.8965517241379
4334,2015,1369,252.13793103448276
4335,2015,1370,258.91379310344826
4336,2015,1371,90.08620689655173
4337,2015,1372,40.440677966101696
4338,2015,1373,262.6551724137931
4339,2015,1374,23.241935483870968
4340,2015,1375,288.6896551724138
4341,2015,1376,75.41379310344827
4342,2015,1377,216.1206896551724
4343,2015,1378,266.7758620689655
4344,2015,1379,294.7068965517241
4345,2015,1380,263.08620689655174
4346,2015,1381,307.7413793103448
4347,2015,1382,108.62068965517241
4348,2015,1383,159.8793103448276
4349,2015,1384,216.67241379310346
4350,2015,1385,41.0
4351,2015,1386,168.05172413793105
4352,2015,1387,257.36206896551727
4353,2015,1388,63.741379310344826
4354,2015,1389,207.81034482758622
4355,2015,1390,56.48275862068966
4356,2015,1391,334.51724137931035
4357,2015,1392,134.01724137931035
4358,2015,1393,54.60344827586207
4359,2015,1394,210.51724137931035
4360,2015,1395,72.29310344827586
4361,2015,1396,57.0
4362,2015,1397,89.67241379310344
4363,2015,1398,338.7068965517241
4364,2015,1399,266.7931034482759
4365,2015,1400,29.74576271186441
4366,2015,1401,55.05172413793103
4367,2015,1402,239.75862068965517
4368,2015,1403,141.93103448275863
4369,2015,1404,188.9655172413793
4370,2015,1405,93.41379310344827
4371,2015,1406,272.7931034482759
4372,2015,1407,300.44827586206895
4373,2015,1408,199.17241379310346
4374,2015,1409,67.41379310344827
4375,2015,1410,329.67241379310343
4376,2015,1411,175.94827586206895
4377,2015,1412,134.91379310344828
4378,2015,1413,94.96551724137932
4379,2015,1414,101.62068965517241
4380,2015,1415,224.3793103448276
4381,2015,1416,251.6551724137931
4382,2015,1417,47.86440677966102
4383,2015,1418,145.05172413793105
4384,2015,1419,168.01724137931035
4385,2015,1420,342.6551724137931
4386,2015,1421,248.18965517241378
4387,2015,1422,291.2758620689655
4388,2015,1423,167.29310344827587
4389,2015,1424,103.3103448275862
4390,2015,1425,166.60344827586206
4391,2015,1426,203.43103448275863
4392,2015,1427,224.91379310344828
4393,2015,1428,15.290322580645162
4394,2015,1429,127.01724137931035
4395,2015,1430,314.3965517241379
4396,2015,1431,88.15517241379311
4397,2015,1433,28.1
4398,2015,1434,62.44827586206897
4399,2015,1435,62.55172413793103
4400,2015,1436,157.32758620689654
4401,2015,1437,3.661290322580645
4402,2015,1438,5.161290322580645
4403,2015,1439,183.6551724137931
4404,2015,1440,291.82758620689657
4405,2015,1441,235.05172413793105
4406,2015,1442,322.4655172413793
4407,2015,1443,133.4655172413793
4408,2015,1444,133.18965517241378
4409,2015,1447,302.58620689655174
4410,2015,1448,131.67241379310346
4411,2015,1449,113.29310344827586
4412,2015,1450,167.05172413793105
4413,2015,1451,263.2068965517241
4414,2015,1452,22.532258064516128
4415,2015,1453,71.46551724137932
4416,2015,1454,208.93103448275863
4417,2015,1455,17.14516129032258
4418,2015,1456,121.3103448275862
4419,2015,1457,191.10344827586206
4420,2015,1458,3.5806451612903225
4421,2015,1459,79.6896551724138
4422,2015,1460,260.1034482758621
4423,2015,1461,83.89830508474576
4424,2015,1462,30.25423728813559
4425,2015,1463,84.67241379310344
4426,2015,1464,285.5
4427,2016,1101,308.82758620689657
4428,2016,1102,224.4655172413793
4429,2016,1103,74.28813559322033
4430,2016,1104,81.86206896551724
4431,2016,1105,316.7758620689655
4432,2016,1106,289.1034482758621
4433,2016,1107,124.46551724137932
4434,2016,1108,297.58620689655174
4435,2016,1110,287.08620689655174
4436,2016,1111,263.2068965517241
4437,2016,1112,16.870967741935484
4438,2016,1113,93.53448275862068
4439,2016,1114,55.45762711864407
4440,2016,1115,337.7241379310345
4441,2016,1116,89.24137931034483
4442,2016,1117,264.2413793103448
4443,2016,1119,223.86206896551724
4444,2016,1120,176.75862068965517
4445,2016,1122,208.29310344827587
4446,2016,1123,159.58620689655172
4447,2016,1124,24.229508196721312
4448,2016,1125,128.36206896551724
4449,2016,1126,302.48275862068965
4450,2016,1127,315.5344827586207
4451,2016,1129,93.65517241379311
4452,2016,1130,231.24137931034483
4453,2016,1131,220.10344827586206
4454,2016,1132,216.89655172413794
4455,2016,1133,316.2241379310345
4456,2016,1135,287.3448275862069
4457,2016,1136,337.9310344827586
4458,2016,1137,182.39655172413794
4459,2016,1138,122.46551724137932
4460,2016,1139,34.241379310344826
4461,2016,1140,59.94827586206897
4462,2016,1141,159.08620689655172
4463,2016,1142,225.24137931034483
4464,2016,1143,23.114754098360656
4465,2016,1144,294.58620689655174
4466,2016,1145,229.77586206896552
4467,2016,1146,329.9310344827586
4468,2016,1148,349.63793103448273
4469,2016,1149,298.08620689655174
4470,2016,1150,208.43103448275863
4471,2016,1151,77.64406779661017
4472,2016,1152,345.55172413793105
4473,2016,1153,38.220338983050844
4474,2016,1154,320.41379310344826
4475,2016,1155,70.86206896551724
4476,2016,1156,285.2931034482759
4477,2016,1157,165.82758620689654
4478,2016,1158,135.77586206896552
4479,2016,1159,254.44827586206895
4480,2016,1160,44.49152542372882
4481,2016,1161,148.82758620689654
4482,2016,1162,125.48275862068965
4483,2016,1163,32.13559322033898
4484,2016,1164,327.5344827586207
4485,2016,1165,272.41379310344826
4486,2016,1166,64.34482758620689
4487,2016,1167,112.39655172413794
4488,2016,1168,272.1551724137931
4489,2016,1169,256.37931034482756
4490,2016,1170,264.7758620689655
4491,2016,1171,249.44827586206895
4492,2016,1172,91.84482758620689
4493,2016,1173,38.71666666666667
4494,2016,1174,278.01724137931035
4495,2016,1175,347.1034482758621
4496,2016,1176,185.13793103448276
4497,2016,1177,189.68965517241378
4498,2016,1178,181.27586206896552
4499,2016,1179,278.8103448275862
4500,2016,1180,256.51724137931035
4501,2016,1181,19.451612903225808
4502,2016,1182,153.8448275862069
4503,2016,1183,259.62068965517244
4504,2016,1184,206.17241379310346
4505,2016,1185,149.9655172413793
4506,2016,1186,213.81034482758622
4507,2016,1187,195.24137931034483
4508,2016,1188,310.1034482758621
4509,2016,1189,169.29310344827587
4510,2016,1190,132.24137931034483
4511,2016,1191,79.39655172413794
4512,2016,1192,246.5344827586207
4513,2016,1193,174.75862068965517
4514,2016,1194,303.17241379310343
4515,2016,1195,182.6206896551724
4516,2016,1196,47.39655172413793
4517,2016,1197,348.2068965517241
4518,2016,1198,247.31034482758622
4519,2016,1199,57.3448275862069
4520,2016,1200,151.93103448275863
4521,2016,1201,85.65517241379311
4522,2016,1202,175.98275862068965
4523,2016,1203,62.28813559322034
4524,2016,1204,224.20689655172413
4525,2016,1205,224.51724137931035
4526,2016,1206,199.05172413793105
4527,2016,1207,88.44827586206897
4528,2016,1208,64.25862068965517
4529,2016,1209,183.32758620689654
4530,2016,1210,57.12068965517241
4531,2016,1211,28.8
4532,2016,1212,347.2931034482759
4533,2016,1213,108.56896551724138
4534,2016,1214,209.72413793103448
4535,2016,1216,309.86206896551727
4536,2016,1217,185.20689655172413
4537,2016,1218,60.258620689655174
4538,2016,1219,147.13793103448276
4539,2016,1220,82.79310344827586
4540,2016,1221,267.6896551724138
4541,2016,1222,63.96551724137931
4542,2016,1223,261.32758620689657
4543,2016,1224,320.1034482758621
4544,2016,1225,193.60344827586206
4545,2016,1226,260.91379310344826
4546,2016,1227,332.55172413793105
4547,2016,1228,124.22413793103448
4548,2016,1229,124.27586206896552
4549,2016,1230,232.6551724137931
4550,2016,1231,16.725806451612904
4551,2016,1232,173.5344827586207
4552,2016,1233,97.60344827586206
4553,2016,1234,25.951612903225808
4554,2016,1235,22.24590163934426
4555,2016,1236,113.06896551724138
4556,2016,1237,215.06896551724137
4557,2016,1238,248.0344827586207
4558,2016,1239,269.8448275862069
4559,2016,1240,304.7068965517241
4560,2016,1241,97.8103448275862
4561,2016,1242,1.3387096774193548
4562,2016,1243,64.44827586206897
4563,2016,1244,266.91379310344826
4564,2016,1245,156.63793103448276
4565,2016,1246,10.64516129032258
4566,2016,1247,241.6206896551724
4567,2016,1248,326.1551724137931
4568,2016,1249,325.67241379310343
4569,2016,1250,189.77586206896552
4570,2016,1251,276.7586206896552
4571,2016,1252,273.6896551724138
4572,2016,1253,103.22413793103448
4573,2016,1254,273.87931034482756
4574,2016,1255,303.32758620689657
4575,2016,1256,137.36206896551724
4576,2016,1257,14.672131147540984
4577,2016,1258,212.05172413793105
4578,2016,1259,287.3448275862069
4579,2016,1260,188.8793103448276
4580,2016,1261,79.63793103448276
4581,2016,1262,300.7586206896552
4582,2016,1263,332.44827586206895
4583,2016,1264,241.48275862068965
4584,2016,1265,308.98275862068965
4585,2016,1266,90.01724137931035
4586,2016,1267,150.75862068965517
4587,2016,1268,21.516129032258064
4588,2016,1269,165.8793103448276
4589,2016,1270,329.58620689655174
4590,2016,1271,316.55172413793105
4591,2016,1272,90.91379310344827
4592,2016,1273,189.0344827586207
4593,2016,1274,12.306451612903226
4594,2016,1275,220.51724137931035
4595,2016,1276,48.10344827586207
4596,2016,1277,3.7903225806451615
4597,2016,1278,202.6206896551724
4598,2016,1279,81.39655172413794
4599,2016,1280,107.8103448275862
4600,2016,1281,172.41379310344828
4601,2016,1282,261.0689655172414
4602,2016,1283,222.29310344827587
4603,2016,1284,72.61016949152543
4604,2016,1285,152.6551724137931
4605,2016,1286,249.67241379310346
4606,2016,1287,145.01724137931035
4607,2016,1288,315.37931034482756
4608,2016,1290,340.5344827586207
4609,2016,1291,267.7068965517241
4610,2016,1292,110.1896551724138
4611,2016,1293,171.10344827586206
4612,2016,1294,301.2241379310345
4613,2016,1295,149.06896551724137
4614,2016,1296,150.55172413793105
4615,2016,1297,271.17241379310343
4616,2016,1298,206.0344827586207
4617,2016,1299,333.8965517241379
4618,2016,1300,307.87931034482756
4619,2016,1301,89.5
4620,2016,1303,154.36206896551724
4621,2016,1304,106.24137931034483
4622,2016,1305,134.98275862068965
4623,2016,1306,217.70689655172413
4624,2016,1307,125.44827586206897
4625,2016,1308,112.70689655172414
4626,2016,1309,324.41379310344826
4627,2016,1310,311.6551724137931
4628,2016,1311,323.1551724137931
4629,2016,1312,211.60344827586206
4630,2016,1313,234.08620689655172
4631,2016,1314,4.080645161290323
4632,2016,1315,209.68965517241378
4633,2016,1316,166.48275862068965
4634,2016,1317,282.6034482758621
4635,2016,1318,130.36206896551724
4636,2016,1319,339.55172413793105
4637,2016,1320,75.8103448275862
4638,2016,1321,78.20689655172414
4639,2016,1322,331.9310344827586
4640,2016,1323,35.689655172413794
4641,2016,1324,96.34482758620689
4642,2016,1325,115.65517241379311
4643,2016,1326,68.25862068965517
4644,2016,1328,8.161290322580646
4645,2016,1329,118.12068965517241
4646,2016,1330,119.15517241379311
4647,2016,1331,180.01724137931035
4648,2016,1332,9.241935483870968
4649,2016,1333,55.0
4650,2016,1334,241.44827586206895
4651,2016,1335,253.6551724137931
4652,2016,1336,124.5
4653,2016,1337,129.44827586206895
4654,2016,1338,39.01724137931034
4655,2016,1339,220.3448275862069
4656,2016,1340,261.87931034482756
4657,2016,1341,337.62068965517244
4658,2016,1342,311.4310344827586
4659,2016,1343,72.57627118644068
4660,2016,1344,41.101694915254235
4661,2016,1345,12.193548387096774
4662,2016,1346,296.17241379310343
4663,2016,1347,210.31034482758622
4664,2016,1348,100.56896551724138
4665,2016,1349,271.51724137931035
4666,2016,1350,107.17241379310344
4667,2016,1351,232.6551724137931
4668,2016,1352,303.2758620689655
4669,2016,1353,274.58620689655174
4670,2016,1354,245.36206896551724
4671,2016,1355,72.37288135593221
4672,2016,1356,127.89655172413794
4673,2016,1357,293.3103448275862
4674,2016,1358,212.24137931034483
4675,2016,1359,237.72413793103448
4676,2016,1360,273.67241379310343
4677,2016,1361,48.66101694915254
4678,2016,1362,200.74137931034483
4679,2016,1363,266.17241379310343
4680,2016,1364,106.96551724137932
4681,2016,1365,236.75862068965517
4682,2016,1366,297.5
4683,2016,1367,318.98275862068965
4684,2016,1368,313.3965517241379
4685,2016,1369,339.94827586206895
4686,2016,1370,270.3103448275862
4687,2016,1371,23.032258064516128
4688,2016,1372,62.44827586206897
4689,2016,1373,127.84482758620689
4690,2016,1374,18.24590163934426
4691,2016,1375,247.8793103448276
4692,2016,1376,45.166666666666664
4693,2016,1377,217.8793103448276
4694,2016,1378,232.51724137931035
4695,2016,1379,304.7758620689655
4696,2016,1380,216.4655172413793
4697,2016,1381,338.7758620689655
4698,2016,1382,65.16949152542372
4699,2016,1383,276.32758620689657
4700,2016,1384,288.3448275862069
4701,2016,1385,226.86206896551724
4702,2016,1386,34.516666666666666
4703,2016,1387,211.08620689655172
4704,2016,1388,34.559322033898304
4705,2016,1389,215.77586206896552
4706,2016,1390,90.75862068965517
4707,2016,1391,287.37931034482756
4708,2016,1392,86.42372881355932
4709,2016,1393,50.258620689655174
4710,2016,1394,135.20689655172413
4711,2016,1395,140.94827586206895
4712,2016,1396,74.86206896551724
4713,2016,1397,110.22413793103448
4714,2016,1398,164.63793103448276
4715,2016,1399,176.22413793103448
4716,2016,1400,30.372881355932204
4717,2016,1401,16.725806451612904
4718,2016,1402,218.3793103448276
4719,2016,1403,43.258620689655174
4720,2016,1404,205.68965517241378
4721,2016,1405,149.01724137931035
4722,2016,1406,142.98275862068965
4723,2016,1407,289.7586206896552
4724,2016,1408,208.29310344827587
4725,2016,1409,65.91379310344827
4726,2016,1410,336.8421052631579
4727,2016,1411,200.05172413793105
4728,2016,1412,95.70689655172414
4729,2016,1413,246.4655172413793
4730,2016,1414,86.15254237288136
4731,2016,1415,236.6551724137931
4732,2016,1416,191.63793103448276
4733,2016,1417,80.75862068965517
4734,2016,1418,144.8448275862069
4735,2016,1419,132.22413793103448
4736,2016,1420,331.7241379310345
4737,2016,1421,128.93103448275863
4738,2016,1422,225.89655172413794
4739,2016,1423,72.52542372881356
4740,2016,1424,125.53448275862068
4741,2016,1425,44.87931034482759
4742,2016,1426,102.53448275862068
4743,2016,1427,340.7758620689655
4744,2016,1428,18.193548387096776
4745,2016,1429,140.9655172413793
4746,2016,1430,281.48275862068965
4747,2016,1431,201.01724137931035
4748,2016,1433,40.152542372881356
4749,2016,1434,49.52542372881356
4750,2016,1435,38.87931034482759
4751,2016,1436,151.58620689655172
4752,2016,1437,4.419354838709677
4753,2016,1438,4.709677419354839
4754,2016,1439,66.82758620689656
4755,2016,1440,306.2758620689655
4756,2016,1441,193.9655172413793
4757,2016,1442,248.36206896551724
4758,2016,1443,168.70689655172413
4759,2016,1444,192.17241379310346
4760,2016,1447,187.55172413793105
4761,2016,1448,131.6551724137931
4762,2016,1449,65.79310344827586
4763,2016,1450,192.4655172413793
4764,2016,1451,126.27586206896552
4765,2016,1452,8.048387096774194
4766,2016,1453,120.0
4767,2016,1454,134.1551724137931
4768,2016,1455,31.203389830508474
4769,2016,1456,91.58620689655173
4770,2016,1457,143.20689655172413
4771,2016,1458,38.98275862068966
4772,2016,1459,199.20689655172413
4773,2016,1460,141.27586206896552
4774,2016,1461,177.72413793103448
4775,2016,1462,10.758064516129032
4776,2016,1463,60.152542372881356
4777,2016,1464,282.44827586206895
4778,2017,1101,296.36619718309856
4779,2017,1102,229.01408450704224
4780,2017,1103,87.08333333333333
4781,2017,1104,61.458333333333336
4782,2017,1105,350.2535211267606
4783,2017,1106,341.32394366197184
4784,2017,1107,133.77464788732394
4785,2017,1108,271.71830985915494
4786,2017,1110,305.3380281690141
4787,2017,1111,279.50704225352115
4788,2017,1112,11.706666666666667
4789,2017,1113,126.77464788732394
4790,2017,1114,233.04225352112675
4791,2017,1115,346.7887323943662
4792,2017,1116,35.416666666666664
4793,2017,1117,131.26760563380282
4794,2017,1119,247.07042253521126
4795,2017,1120,90.70422535211267
4796,2017,1122,283.53521126760563
4797,2017,1123,153.1267605633803
4798,2017,1124,14.346666666666666
4799,2017,1125,83.88888888888889
4800,2017,1126,339.61971830985914
4801,2017,1127,307.14084507042253
4802,2017,1129,94.125
4803,2017,1130,174.56338028169014
4804,2017,1131,188.56338028169014
4805,2017,1132,235.35211267605635
4806,2017,1133,217.5211267605634
4807,2017,1135,270.88732394366195
4808,2017,1136,284.77142857142854
4809,2017,1137,76.52777777777777
4810,2017,1138,139.16901408450704
4811,2017,1139,21.826666666666668
4812,2017,1140,68.04166666666667
4813,2017,1141,222.16901408450704
4814,2017,1142,296.14084507042253
4815,2017,1143,56.27777777777778
4816,2017,1144,263.3098591549296
4817,2017,1145,181.16901408450704
4818,2017,1146,314.1830985915493
4819,2017,1148,340.15492957746477
4820,2017,1149,295.40845070422534
4821,2017,1150,235.7605633802817
4822,2017,1151,130.45070422535213
4823,2017,1152,335.46478873239437
4824,2017,1153,18.933333333333334
4825,2017,1154,289.63380281690144
4826,2017,1155,51.138888888888886
4827,2017,1156,261.3098591549296
4828,2017,1157,195.2394366197183
4829,2017,1158,81.26388888888889
4830,2017,1159,282.36619718309856
4831,2017,1160,79.05555555555556
4832,2017,1161,80.72222222222223
4833,2017,1162,240.6056338028169
4834,2017,1163,101.7605633802817
4835,2017,1164,341.67605633802816
4836,2017,1165,279.36619718309856
4837,2017,1166,25.875
4838,2017,1167,107.875
4839,2017,1168,245.88732394366198
4840,2017,1169,284.1267605633803
4841,2017,1170,285.01408450704224
4842,2017,1171,305.2112676056338
4843,2017,1172,91.94444444444444
4844,2017,1173,38.486111111111114
4845,2017,1174,267.28169014084506
4846,2017,1175,335.49295774647885
4847,2017,1176,196.07042253521126
4848,2017,1177,190.30985915492957
4849,2017,1178,301.0285714285714
4850,2017,1179,279.7887323943662
4851,2017,1180,273.6901408450704
4852,2017,1181,8.56
4853,2017,1182,234.32394366197184
4854,2017,1183,236.19718309859155
4855,2017,1184,264.2112676056338
4856,2017,1185,171.2112676056338
4857,2017,1186,168.2112676056338
4858,2017,1187,174.9718309859155
4859,2017,1188,324.16901408450707
4860,2017,1189,147.77464788732394
4861,2017,1190,65.02777777777777
4862,2017,1191,164.8732394366197
4863,2017,1192,279.61971830985914
4864,2017,1193,202.57746478873239
4865,2017,1194,282.63380281690144
4866,2017,1195,94.27777777777777
4867,2017,1196,11.946666666666667
4868,2017,1197,345.8732394366197
4869,2017,1198,295.5492957746479
4870,2017,1199,16.88
4871,2017,1200,200.16901408450704
4872,2017,1201,98.54166666666667
4873,2017,1202,109.95774647887323
4874,2017,1203,112.73611111111111
4875,2017,1204,166.09859154929578
4876,2017,1205,174.95774647887325
4877,2017,1206,110.98591549295774
4878,2017,1207,81.85915492957747
4879,2017,1208,59.77777777777778
4880,2017,1209,123.08450704225352
4881,2017,1210,86.02777777777777
4882,2017,1211,2.013333333333333
4883,2017,1212,315.5211267605634
4884,2017,1213,135.35211267605635
4885,2017,1214,298.943661971831
4886,2017,1216,328.23943661971833
4887,2017,1217,118.97183098591549
4888,2017,1218,252.0281690140845
4889,2017,1219,255.8450704225352
4890,2017,1220,189.08450704225353
4891,2017,1221,219.61971830985917
4892,2017,1222,54.888888888888886
4893,2017,1223,215.77464788732394
4894,2017,1224,335.0422535211268
4895,2017,1225,214.32394366197184
4896,2017,1226,334.943661971831
4897,2017,1227,243.04225352112675
4898,2017,1228,67.66666666666667
4899,2017,1229,50.861111111111114
4900,2017,1230,301.76056338028167
4901,2017,1231,50.5
4902,2017,1232,211.11267605633802
4903,2017,1233,114.38888888888889
4904,2017,1234,69.40277777777777
4905,2017,1235,19.95945945945946
4906,2017,1236,147.56338028169014
4907,2017,1237,213.73239436619718
4908,2017,1238,320.1267605633803
4909,2017,1239,272.5211267605634
4910,2017,1240,171.43055555555554
4911,2017,1241,240.09859154929578
4912,2017,1242,6.04
4913,2017,1243,40.22222222222222
4914,2017,1244,258.07042253521126
4915,2017,1245,130.43055555555554
4916,2017,1246,4.8133333333333335
4917,2017,1247,137.40845070422534
4918,2017,1248,322.7323943661972
4919,2017,1249,233.69014084507043
4920,2017,1250,122.2394366197183
4921,2017,1251,200.57746478873239
4922,2017,1252,166.43661971830986
4923,2017,1253,223.38028169014083
4924,2017,1254,232.1267605633803
4925,2017,1255,344.22535211267603
4926,2017,1256,101.02816901408451
4927,2017,1257,9.573333333333334
4928,2017,1258,163.8450704225352
4929,2017,1259,240.64788732394365
4930,2017,1260,124.14084507042253
4931,2017,1261,180.1549295774648
4932,2017,1262,292.3142857142857
4933,2017,1263,333.80281690140845
4934,2017,1264,281.15492957746477
4935,2017,1265,306.6619718309859
4936,2017,1266,38.791666666666664
4937,2017,1267,141.01408450704224
4938,2017,1268,38.16438356164384
4939,2017,1269,160.7605633802817
4940,2017,1270,325.4507042253521
4941,2017,1271,308.6478873239437
4942,2017,1272,100.06944444444444
4943,2017,1273,167.95714285714286
4944,2017,1274,34.138888888888886
4945,2017,1275,276.50704225352115
4946,2017,1276,23.243243243243242
4947,2017,1277,46.236111111111114
4948,2017,1278,30.125
4949,2017,1279,72.70833333333333
4950,2017,1280,105.2394366197183
4951,2017,1281,189.59154929577466
4952,2017,1282,219.01408450704224
4953,2017,1283,152.71830985915494
4954,2017,1284,69.08333333333333
4955,2017,1285,200.18309859154928
4956,2017,1286,239.66197183098592
4957,2017,1287,206.80281690140845
4958,2017,1288,314.2535211267606
4959,2017,1290,341.01408450704224
4960,2017,1291,197.93055555555554
4961,2017,1292,42.534246575342465
4962,2017,1293,211.01408450704224
4963,2017,1294,284.7464788732394
4964,2017,1295,150.8732394366197
4965,2017,1296,216.38028169014083
4966,2017,1297,128.31944444444446
4967,2017,1298,211.71830985915494
4968,2017,1299,349.056338028169
4969,2017,1300,164.79166666666666
4970,2017,1301,106.59154929577464
4971,2017,1303,161.11267605633802
4972,2017,1304,114.08450704225352
4973,2017,1305,44.791666666666664
4974,2017,1306,167.3661971830986
4975,2017,1307,118.02777777777777
4976,2017,1308,78.94444444444444
4977,2017,1309,176.90277777777777
4978,2017,1310,275.67605633802816
4979,2017,1311,293.88732394366195
4980,2017,1312,285.50704225352115
4981,2017,1313,279.4225352112676
4982,2017,1314,5.426666666666667
4983,2017,1315,149.56944444444446
4984,2017,1316,242.42253521126761
4985,2017,1317,319.23943661971833
4986,2017,1318,161.0
4987,2017,1319,322.61971830985914
4988,2017,1320,164.56338028169014
4989,2017,1321,40.611111111111114
4990,2017,1322,294.40845070422534
4991,2017,1323,20.506666666666668
4992,2017,1324,97.86111111111111
4993,2017,1325,106.70422535211267
4994,2017,1326,76.36111111111111
4995,2017,1328,94.83098591549296
4996,2017,1329,29.76388888888889
4997,2017,1330,121.95774647887323
4998,2017,1331,254.8450704225352
4999,2017,1332,11.946666666666667
5000,2017,1333,268.2535211267606
5001,2017,1334,231.8450704225352
5002,2017,1335,180.28169014084506
5003,2017,1336,95.22535211267606
5004,2017,1337,280.71830985915494
5005,2017,1338,74.69014084507042
5006,2017,1339,259.36619718309856
5007,2017,1340,249.59154929577466
5008,2017,1341,310.3098591549296
5009,2017,1342,347.0281690140845
5010,2017,1343,63.06944444444444
5011,2017,1344,53.27777777777778
5012,2017,1345,15.24
5013,2017,1346,289.88732394366195
5014,2017,1347,268.8732394366197
5015,2017,1348,39.916666666666664
5016,2017,1349,146.45070422535213
5017,2017,1350,87.11111111111111
5018,2017,1351,205.57746478873239
5019,2017,1352,261.5492957746479
5020,2017,1353,134.98591549295776
5021,2017,1354,328.2112676056338
5022,2017,1355,174.38888888888889
5023,2017,1356,153.90140845070422
5024,2017,1357,293.85915492957747
5025,2017,1358,221.74647887323943
5026,2017,1359,164.2112676056338
5027,2017,1360,236.33802816901408
5028,2017,1361,90.58333333333333
5029,2017,1362,106.16901408450704
5030,2017,1363,206.67605633802816
5031,2017,1364,322.22535211267603
5032,2017,1365,127.33802816901408
5033,2017,1366,308.11267605633805
5034,2017,1367,235.49295774647888
5035,2017,1368,246.73239436619718
5036,2017,1369,247.5211267605634
5037,2017,1370,271.71830985915494
5038,2017,1371,44.55555555555556
5039,2017,1372,222.91549295774647
5040,2017,1373,162.9718309859155
5041,2017,1374,13.266666666666667
5042,2017,1375,239.11267605633802
5043,2017,1376,38.09722222222222
5044,2017,1377,135.49295774647888
5045,2017,1378,288.84507042253523
5046,2017,1379,319.3521126760563
5047,2017,1380,314.4788732394366
5048,2017,1381,336.0845070422535
5049,2017,1382,90.19444444444444
5050,2017,1383,345.943661971831
5051,2017,1384,253.88732394366198
5052,2017,1385,111.02816901408451
5053,2017,1386,188.81690140845072
5054,2017,1387,242.49295774647888
5055,2017,1388,19.133333333333333
5056,2017,1389,126.90140845070422
5057,2017,1390,107.04225352112677
5058,2017,1391,316.90140845070425
5059,2017,1392,193.43661971830986
5060,2017,1393,54.02777777777778
5061,2017,1394,192.57746478873239
5062,2017,1395,54.5
5063,2017,1396,118.84507042253522
5064,2017,1397,74.22222222222223
5065,2017,1398,169.88732394366198
5066,2017,1399,264.2957746478873
5067,2017,1400,98.15492957746478
5068,2017,1401,77.44444444444444
5069,2017,1402,166.73239436619718
5070,2017,1403,63.263888888888886
5071,2017,1404,193.80281690140845
5072,2017,1405,144.0281690140845
5073,2017,1406,114.4225352112676
5074,2017,1407,136.375
5075,2017,1408,262.07042253521126
5076,2017,1409,141.66197183098592
5077,2017,1410,309.15714285714284
5078,2017,1411,179.25
5079,2017,1412,185.29577464788733
5080,2017,1413,190.48611111111111
5081,2017,1414,140.4788732394366
5082,2017,1415,312.90140845070425
5083,2017,1416,69.36111111111111
5084,2017,1417,12.133333333333333
5085,2017,1418,132.8450704225352
5086,2017,1419,275.77464788732397
5087,2017,1420,187.46478873239437
5088,2017,1421,102.29166666666667
5089,2017,1422,109.81944444444444
5090,2017,1423,50.861111111111114
5091,2017,1424,237.46478873239437
5092,2017,1425,50.06849315068493
5093,2017,1426,71.72222222222223
5094,2017,1427,256.4788732394366
5095,2017,1428,58.388888888888886
5096,2017,1429,147.3943661971831
5097,2017,1430,198.64788732394365
5098,2017,1431,204.83098591549296
5099,2017,1433,41.708333333333336
5100,2017,1434,87.04166666666667
5101,2017,1435,42.05555555555556
5102,2017,1436,56.888888888888886
5103,2017,1437,1.8133333333333332
5104,2017,1438,15.31081081081081
5105,2017,1439,40.625
5106,2017,1440,325.3521126760563
5107,2017,1441,310.0281690140845
5108,2017,1442,302.4507042253521
5109,2017,1443,225.85915492957747
5110,2017,1444,164.67605633802816
5111,2017,1447,242.22535211267606
5112,2017,1448,39.15277777777778
5113,2017,1449,184.26760563380282
5114,2017,1450,172.3661971830986
5115,2017,1451,173.83098591549296
5116,2017,1452,11.68
5117,2017,1453,174.16901408450704
5118,2017,1454,261.7464788732394
5119,2017,1455,17.253333333333334
5120,2017,1456,138.56338028169014
5121,2017,1457,93.11111111111111
5122,2017,1458,23.14666666666667
5123,2017,1459,166.90140845070422
5124,2017,1460,148.83098591549296
5125,2017,1461,146.70422535211267
5126,2017,1462,41.875
5127,2017,1463,138.66197183098592
5128,2017,1464,272.943661971831
5129,2018,1101,259.2096774193548
5130,2018,1102,229.17741935483872
5131,2018,1103,232.2258064516129
5132,2018,1104,49.8125
5133,2018,1105,350.01612903225805
5134,2018,1106,337.46774193548384
5135,2018,1107,146.66129032258064
5136,2018,1108,337.19354838709677
5137,2018,1110,328.2258064516129
5138,2018,1111,216.74193548387098
5139,2018,1112,17.64179104477612
5140,2018,1113,48.46875
5141,2018,1114,303.3225806451613
5142,2018,1115,318.83870967741933
5143,2018,1116,29.03125
5144,2018,1117,285.4032258064516
5145,2018,1119,269.88709677419354
5146,2018,1120,16.98507462686567
5147,2018,1122,186.30645161290323
5148,2018,1123,159.09677419354838
5149,2018,1124,44.0625
5150,2018,1125,84.57142857142857
5151,2018,1126,283.4193548387097
5152,2018,1127,302.51612903225805
5153,2018,1129,57.46875
5154,2018,1130,74.96825396825396
5155,2018,1131,245.43548387096774
5156,2018,1132,221.8709677419355
5157,2018,1133,127.75806451612904
5158,2018,1135,269.56451612903226
5159,2018,1136,343.5483870967742
5160,2018,1137,93.36507936507937
5161,2018,1138,62.333333333333336
5162,2018,1139,31.640625
5163,2018,1140,73.14285714285714
5164,2018,1141,173.5483870967742
5165,2018,1142,310.5967741935484
5166,2018,1143,232.56451612903226
5167,2018,1144,232.61290322580646
5168,2018,1145,132.5483870967742
5169,2018,1146,215.1451612903226
5170,2018,1148,291.19354838709677
5171,2018,1149,246.20967741935485
5172,2018,1150,317.3709677419355
5173,2018,1151,295.5806451612903
5174,2018,1152,344.01612903225805
5175,2018,1153,6.597014925373134
5176,2018,1154,303.4516129032258
5177,2018,1155,20.0
5178,2018,1156,292.0483870967742
5179,2018,1157,222.9516129032258
5180,2018,1158,98.96774193548387
5181,2018,1159,199.96774193548387
5182,2018,1160,101.12903225806451
5183,2018,1161,226.96774193548387
5184,2018,1162,260.1774193548387
5185,2018,1163,148.67741935483872
5186,2018,1164,345.83870967741933
5187,2018,1165,257.51612903225805
5188,2018,1166,31.640625
5189,2018,1167,235.40322580645162
5190,2018,1168,148.29032258064515
5191,2018,1169,331.03225806451616
5192,2018,1170,300.01612903225805
5193,2018,1171,308.03225806451616
5194,2018,1172,56.390625
5195,2018,1173,155.30645161290323
5196,2018,1174,239.32258064516128
5197,2018,1175,349.7258064516129
5198,2018,1176,213.3548387096774
5199,2018,1177,129.6451612903226
5200,2018,1178,318.9193548387097
5201,2018,1179,166.25806451612902
5202,2018,1180,241.06451612903226
5203,2018,1181,5.432835820895522
5204,2018,1182,199.20967741935485
5205,2018,1183,258.53225806451616
5206,2018,1184,285.741935483871
5207,2018,1185,142.83870967741936
5208,2018,1186,143.66129032258064
5209,2018,1187,282.5483870967742
5210,2018,1188,306.672131147541
5211,2018,1189,232.90322580645162
5212,2018,1190,93.33870967741936
5213,2018,1191,154.0
5214,2018,1192,273.4516129032258
5215,2018,1193,200.6451612903226
5216,2018,1194,255.74193548387098
5217,2018,1195,138.3709677419355
5218,2018,1196,24.924242424242426
5219,2018,1197,337.7903225806452
5220,2018,1198,248.46774193548387
5221,2018,1199,41.765625
5222,2018,1200,275.83870967741933
5223,2018,1201,85.47619047619048
5224,2018,1202,94.61904761904762
5225,2018,1203,180.0
5226,2018,1204,151.32258064516128
5227,2018,1205,257.741935483871
5228,2018,1206,200.69354838709677
5229,2018,1207,107.85483870967742
5230,2018,1208,65.21875
5231,2018,1209,108.58064516129032
5232,2018,1210,123.0
5233,2018,1211,10.26865671641791
5234,2018,1212,284.51612903225805
5235,2018,1213,120.66129032258064
5236,2018,1214,249.56451612903226
5237,2018,1216,207.6451612903226
5238,2018,1217,149.30645161290323
5239,2018,1218,191.1451612903226
5240,2018,1219,249.70967741935485
5241,2018,1220,143.0483870967742
5242,2018,1221,275.5483870967742
5243,2018,1222,18.597014925373134
5244,2018,1223,336.53225806451616
5245,2018,1224,334.4516129032258
5246,2018,1225,135.82258064516128
5247,2018,1226,243.01612903225808
5248,2018,1227,210.80645161290323
5249,2018,1228,116.83870967741936
5250,2018,1229,134.61290322580646
5251,2018,1230,339.16129032258067
5252,2018,1231,84.265625
5253,2018,1232,171.59677419354838
5254,2018,1233,137.8548387096774
5255,2018,1234,109.37096774193549
5256,2018,1235,106.75806451612904
5257,2018,1236,179.30645161290323
5258,2018,1237,286.2903225806452
5259,2018,1238,331.9032258064516
5260,2018,1239,302.19354838709677
5261,2018,1240,144.74193548387098
5262,2018,1241,246.88709677419354
5263,2018,1242,7.432835820895522
5264,2018,1243,38.515625
5265,2018,1244,304.33870967741933
5266,2018,1245,194.30645161290323
5267,2018,1246,16.98507462686567
5268,2018,1247,166.56451612903226
5269,2018,1248,294.43548387096774
5270,2018,1249,209.6451612903226
5271,2018,1250,224.25806451612902
5272,2018,1251,179.41935483870967
5273,2018,1252,143.08064516129033
5274,2018,1253,197.24193548387098
5275,2018,1254,242.80645161290323
5276,2018,1255,337.5806451612903
5277,2018,1256,165.93548387096774
5278,2018,1257,35.609375
5279,2018,1258,235.06451612903226
5280,2018,1259,315.83870967741933
5281,2018,1260,43.609375
5282,2018,1261,66.55555555555556
5283,2018,1262,284.66129032258067
5284,2018,1263,333.88709677419354
5285,2018,1264,221.11290322580646
5286,2018,1265,321.4516129032258
5287,2018,1266,52.9375
5288,2018,1267,100.64516129032258
5289,2018,1268,55.796875
5290,2018,1269,205.3548387096774
5291,2018,1270,298.35483870967744
5292,2018,1271,346.93548387096774
5293,2018,1272,122.66129032258064
5294,2018,1273,155.5483870967742
5295,2018,1274,33.014925373134325
5296,2018,1275,187.3548387096774
5297,2018,1276,11.164179104477611
5298,2018,1277,7.268656716417911
5299,2018,1278,119.48387096774194
5300,2018,1279,113.80645161290323
5301,2018,1280,59.3125
5302,2018,1281,42.09375
5303,2018,1282,284.61290322580646
5304,2018,1283,132.8548387096774
5305,2018,1284,200.98387096774192
5306,2018,1285,80.57142857142857
5307,2018,1286,273.758064516129
5308,2018,1287,291.06451612903226
5309,2018,1288,323.3709677419355
5310,2018,1290,346.88709677419354
5311,2018,1291,235.98387096774192
5312,2018,1292,51.640625
5313,2018,1293,62.476190476190474
5314,2018,1294,119.53225806451613
5315,2018,1295,192.79032258064515
5316,2018,1296,246.17741935483872
5317,2018,1297,104.66129032258064
5318,2018,1298,214.93548387096774
5319,2018,1299,278.66129032258067
5320,2018,1300,289.30645161290323
5321,2018,1301,43.671875
5322,2018,1303,284.3225806451613
5323,2018,1304,55.328125
5324,2018,1305,28.223880597014926
5325,2018,1306,285.80645161290323
5326,2018,1307,104.7258064516129
5327,2018,1308,51.875
5328,2018,1309,258.241935483871
5329,2018,1310,186.17741935483872
5330,2018,1311,178.33870967741936
5331,2018,1312,252.48387096774192
5332,2018,1313,301.48387096774195
5333,2018,1314,8.567164179104477
5334,2018,1315,248.59677419354838
5335,2018,1316,269.4193548387097
5336,2018,1317,206.40322580645162
5337,2018,1318,93.40322580645162
5338,2018,1319,330.9193548387097
5339,2018,1320,127.2741935483871
5340,2018,1321,102.46774193548387
5341,2018,1322,345.48387096774195
5342,2018,1323,47.34375
5343,2018,1324,174.29032258064515
5344,2018,1325,196.06451612903226
5345,2018,1326,17.70149253731343
5346,2018,1328,45.359375
5347,2018,1329,52.703125
5348,2018,1330,69.92063492063492
5349,2018,1331,249.0
5350,2018,1332,63.375
5351,2018,1333,102.95238095238095
5352,2018,1334,180.93548387096774
5353,2018,1335,110.20967741935483
5354,2018,1336,44.71875
5355,2018,1337,281.7741935483871
5356,2018,1338,215.74193548387098
5357,2018,1339,274.2096774193548
5358,2018,1340,163.59677419354838
5359,2018,1341,268.2741935483871
5360,2018,1342,321.7096774193548
5361,2018,1343,198.91935483870967
5362,2018,1344,51.234375
5363,2018,1345,7.223880597014926
5364,2018,1346,277.06451612903226
5365,2018,1347,164.6290322580645
5366,2018,1348,35.45454545454545
5367,2018,1349,309.7258064516129
5368,2018,1350,176.17741935483872
5369,2018,1351,121.03225806451613
5370,2018,1352,242.29032258064515
5371,2018,1353,139.2258064516129
5372,2018,1354,338.0
5373,2018,1355,65.47619047619048
5374,2018,1356,133.01612903225808
5375,2018,1357,312.48387096774195
5376,2018,1358,212.0483870967742
5377,2018,1359,291.4193548387097
5378,2018,1360,130.79032258064515
5379,2018,1361,51.578125
5380,2018,1362,143.2741935483871
5381,2018,1363,308.11290322580646
5382,2018,1364,120.54838709677419
5383,2018,1365,262.7741935483871
5384,2018,1366,287.0967741935484
5385,2018,1367,338.14516129032256
5386,2018,1368,179.70967741935485
5387,2018,1369,255.7741935483871
5388,2018,1370,179.01612903225808
5389,2018,1371,29.0
5390,2018,1372,98.91935483870968
5391,2018,1373,300.19354838709677
5392,2018,1374,93.33333333333333
5393,2018,1375,236.67741935483872
5394,2018,1376,80.57142857142857
5395,2018,1377,79.65079365079364
5396,2018,1378,266.01612903225805
5397,2018,1379,216.59677419354838
5398,2018,1380,315.741935483871
5399,2018,1381,255.40322580645162
5400,2018,1382,55.328125
5401,2018,1383,297.5967741935484
5402,2018,1384,201.17741935483872
5403,2018,1385,80.14285714285714
5404,2018,1386,127.24193548387096
5405,2018,1387,141.3709677419355
5406,2018,1388,35.850746268656714
5407,2018,1389,225.09677419354838
5408,2018,1390,85.0952380952381
5409,2018,1391,315.8225806451613
5410,2018,1392,224.61290322580646
5411,2018,1393,51.65625
5412,2018,1394,307.5
5413,2018,1395,23.109375
5414,2018,1396,85.85714285714286
5415,2018,1397,12.104477611940299
5416,2018,1398,208.01612903225808
5417,2018,1399,202.8709677419355
5418,2018,1400,40.359375
5419,2018,1401,28.890625
5420,2018,1402,232.08064516129033
5421,2018,1403,15.597014925373134
5422,2018,1404,302.1290322580645
5423,2018,1405,109.25806451612904
5424,2018,1406,163.5483870967742
5425,2018,1407,186.32258064516128
5426,2018,1408,166.33870967741936
5427,2018,1409,96.62903225806451
5428,2018,1410,251.80645161290323
5429,2018,1411,245.08064516129033
5430,2018,1412,124.7741935483871
5431,2018,1413,128.88709677419354
5432,2018,1414,154.58064516129033
5433,2018,1415,286.38709677419354
5434,2018,1416,100.01612903225806
5435,2018,1417,45.5625
5436,2018,1418,67.38095238095238
5437,2018,1419,214.93548387096774
5438,2018,1420,160.98387096774192
5439,2018,1421,175.24193548387098
5440,2018,1422,78.66666666666667
5441,2018,1423,247.9516129032258
5442,2018,1424,103.79032258064517
5443,2018,1425,37.6875
5444,2018,1426,126.88709677419355
5445,2018,1427,175.9516129032258
5446,2018,1428,61.6875
5447,2018,1429,145.74193548387098
5448,2018,1430,99.96774193548387
5449,2018,1431,256.8709677419355
5450,2018,1433,129.1290322580645
5451,2018,1434,168.8548387096774
5452,2018,1435,100.36507936507937
5453,2018,1436,75.3225806451613
5454,2018,1437,2.462686567164179
5455,2018,1438,2.4925373134328357
5456,2018,1439,36.0625
5457,2018,1440,323.83870967741933
5458,2018,1441,273.61290322580646
5459,2018,1442,284.2258064516129
5460,2018,1443,62.15873015873016
5461,2018,1444,182.7741935483871
5462,2018,1447,166.3548387096774
5463,2018,1448,118.12903225806451
5464,2018,1449,84.46031746031746
5465,2018,1450,177.01612903225808
5466,2018,1451,160.74193548387098
5467,2018,1452,14.343283582089553
5468,2018,1453,274.11290322580646
5469,2018,1454,213.74193548387098
5470,2018,1455,16.208955223880597
5471,2018,1456,142.56451612903226
5472,2018,1457,165.5483870967742
5473,2018,1458,82.74603174603175
5474,2018,1459,139.69354838709677
5475,2018,1460,121.1774193548387
5476,2018,1461,110.25806451612904
5477,2018,1462,9.432835820895523
5478,2018,1463,194.46774193548387
5479,2018,1464,323.46774193548384
5480,2019,1101,135.875
5481,2019,1102,227.578125
5482,2019,1103,129.15625
5483,2019,1104,60.046875
5484,2019,1105,346.8125
5485,2019,1106,323.53125
5486,2019,1107,278.03125
5487,2019,1108,344.25
5488,2019,1110,212.390625
5489,2019,1111,228.640625
5490,2019,1112,96.4375
5491,2019,1113,53.90625
5492,2019,1114,252.203125
5493,2019,1115,314.3125
5494,2019,1116,66.671875
5495,2019,1117,245.9375
5496,2019,1119,251.9375
5497,2019,1120,14.26865671641791
5498,2019,1122,130.734375
5499,2019,1123,146.953125
5500,2019,1124,47.53125
5501,2019,1125,49.71875
5502,2019,1126,305.984375
5503,2019,1127,322.890625
5504,2019,1129,162.484375
5505,2019,1130,121.203125
5506,2019,1131,235.859375
5507,2019,1132,106.890625
5508,2019,1133,155.84375
5509,2019,1135,144.734375
5510,2019,1136,320.625
5511,2019,1137,135.9375
5512,2019,1138,17.35820895522388
5513,2019,1139,75.203125
5514,2019,1140,90.34375
5515,2019,1141,116.765625
5516,2019,1142,333.75
5517,2019,1143,232.921875
5518,2019,1144,182.578125
5519,2019,1145,252.828125
5520,2019,1146,289.734375
5521,2019,1148,317.78125
5522,2019,1149,193.65079365079364
5523,2019,1150,287.203125
5524,2019,1151,264.15625
5525,2019,1152,348.875
5526,2019,1153,24.492537313432837
5527,2019,1154,257.75
5528,2019,1155,38.84375
5529,2019,1156,286.46875
5530,2019,1157,181.796875
5531,2019,1158,109.21875
5532,2019,1159,122.921875
5533,2019,1160,71.984375
5534,2019,1161,198.203125
5535,2019,1162,234.21875
5536,2019,1163,113.140625
5537,2019,1164,339.5625
5538,2019,1165,207.0
5539,2019,1166,53.25
5540,2019,1167,213.34375
5541,2019,1168,196.640625
5542,2019,1169,261.15625
5543,2019,1170,264.71875
5544,2019,1171,240.921875
5545,2019,1172,75.609375
5546,2019,1173,66.375
5547,2019,1174,232.265625
5548,2019,1175,351.87301587301585
5549,2019,1176,315.796875
5550,2019,1177,106.515625
5551,2019,1178,251.734375
5552,2019,1179,106.125
5553,2019,1180,246.296875
5554,2019,1181,2.0
5555,2019,1182,157.53125
5556,2019,1183,289.0625
5557,2019,1184,245.609375
5558,2019,1185,166.09375
5559,2019,1186,225.28125
5560,2019,1187,256.859375
5561,2019,1188,324.515625
5562,2019,1189,294.453125
5563,2019,1190,79.0625
5564,2019,1191,236.75
5565,2019,1192,203.75
5566,2019,1193,304.21875
5567,2019,1194,176.84375
5568,2019,1195,227.078125
5569,2019,1196,36.96875
5570,2019,1197,319.015625
5571,2019,1198,191.796875
5572,2019,1199,13.134328358208956
5573,2019,1200,260.71875
5574,2019,1201,74.390625
5575,2019,1202,61.140625
5576,2019,1203,273.421875
5577,2019,1204,106.71875
5578,2019,1205,163.65625
5579,2019,1206,151.9375
5580,2019,1207,79.09375
5581,2019,1208,139.328125
5582,2019,1209,93.671875
5583,2019,1210,116.109375
5584,2019,1211,4.358208955223881
5585,2019,1212,280.875
5586,2019,1213,115.734375
5587,2019,1214,218.875
5588,2019,1216,188.625
5589,2019,1217,116.765625
5590,2019,1218,185.359375
5591,2019,1219,228.859375
5592,2019,1220,85.28125
5593,2019,1221,223.53125
5594,2019,1222,11.0
5595,2019,1223,281.390625
5596,2019,1224,298.953125
5597,2019,1225,344.375
5598,2019,1226,310.453125
5599,2019,1227,204.84375
5600,2019,1228,105.078125
5601,2019,1229,183.953125
5602,2019,1230,344.4375
5603,2019,1231,51.515625
5604,2019,1232,197.828125
5605,2019,1233,200.828125
5606,2019,1234,39.8125
5607,2019,1235,21.16417910447761
5608,2019,1236,194.6875
5609,2019,1237,207.359375
5610,2019,1238,322.28125
5611,2019,1239,279.046875
5612,2019,1240,123.1875
5613,2019,1241,263.703125
5614,2019,1242,15.552238805970148
5615,2019,1243,20.55223880597015
5616,2019,1244,336.734375
5617,2019,1245,121.0625
5618,2019,1246,7.223880597014926
5619,2019,1247,230.5625
5620,2019,1248,296.78125
5621,2019,1249,206.9375
5622,2019,1250,159.96875
5623,2019,1251,77.71875
5624,2019,1252,61.515625
5625,2019,1253,216.59375
5626,2019,1254,253.6875
5627,2019,1255,291.40625
5628,2019,1256,137.21875
5629,2019,1257,24.65625
5630,2019,1258,127.71875
5631,2019,1259,276.953125
5632,2019,1260,120.953125
5633,2019,1261,16.08955223880597
5634,2019,1262,260.578125
5635,2019,1263,334.84375
5636,2019,1264,314.140625
5637,2019,1265,283.375
5638,2019,1266,25.848484848484848
5639,2019,1267,147.390625
5640,2019,1268,26.140625
5641,2019,1269,231.109375
5642,2019,1270,329.59375
5643,2019,1271,349.921875
5644,2019,1272,59.546875
5645,2019,1273,218.5625
5646,2019,1274,88.53125
5647,2019,1275,159.4375
5648,2019,1276,7.17910447761194
5649,2019,1277,5.149253731343284
5650,2019,1278,44.9375
5651,2019,1279,45.875
5652,2019,1280,22.5
5653,2019,1281,85.21875
5654,2019,1282,248.9375
5655,2019,1283,178.546875
5656,2019,1284,274.90625
5657,2019,1285,112.0
5658,2019,1286,251.71875
5659,2019,1287,255.453125
5660,2019,1288,337.1875
5661,2019,1290,347.90625
5662,2019,1291,323.0625
5663,2019,1292,244.296875
5664,2019,1293,48.296875
5665,2019,1294,174.9375
5666,2019,1295,194.890625
5667,2019,1296,148.21875
5668,2019,1297,98.75
5669,2019,1298,266.09375
5670,2019,1299,271.921875
5671,2019,1300,284.96875
5672,2019,1301,38.890625
5673,2019,1303,161.578125
5674,2019,1304,51.0
5675,2019,1305,22.746268656716417
5676,2019,1306,343.828125
5677,2019,1307,182.109375
5678,2019,1308,44.875
5679,2019,1309,236.21875
5680,2019,1310,302.734375
5681,2019,1311,304.03125
5682,2019,1312,175.265625
5683,2019,1313,241.8125
5684,2019,1314,4.1940298507462686
5685,2019,1315,277.6875
5686,2019,1316,192.859375
5687,2019,1317,155.609375
5688,2019,1318,79.703125
5689,2019,1319,302.90625
5690,2019,1320,172.1875
5691,2019,1321,103.46875
5692,2019,1322,332.453125
5693,2019,1323,108.546875
5694,2019,1324,192.484375
5695,2019,1325,177.234375
5696,2019,1326,47.40625
5697,2019,1328,38.546875
5698,2019,1329,96.765625
5699,2019,1330,90.875
5700,2019,1331,290.40625
5701,2019,1332,45.765625
5702,2019,1333,89.359375
5703,2019,1334,202.640625
5704,2019,1335,119.640625
5705,2019,1336,60.90625
5706,2019,1337,161.796875
5707,2019,1338,115.625
5708,2019,1339,321.828125
5709,2019,1340,257.34375
5710,2019,1341,199.984375
5711,2019,1342,204.671875
5712,2019,1343,167.046875
5713,2019,1344,70.359375
5714,2019,1345,13.73134328358209
5715,2019,1346,234.21875
5716,2019,1347,130.203125
5717,2019,1348,127.78125
5718,2019,1349,247.859375
5719,2019,1350,204.484375
5720,2019,1351,210.453125
5721,2019,1352,259.0625
5722,2019,1353,93.359375
5723,2019,1354,339.578125
5724,2019,1355,104.1875
5725,2019,1356,147.703125
5726,2019,1357,250.0
5727,2019,1358,170.234375
5728,2019,1359,164.921875
5729,2019,1360,91.546875
5730,2019,1361,99.640625
5731,2019,1362,82.296875
5732,2019,1363,341.0
5733,2019,1364,162.046875
5734,2019,1365,182.953125
5735,2019,1366,337.578125
5736,2019,1367,341.15625
5737,2019,1368,232.484375
5738,2019,1369,309.265625
5739,2019,1370,181.359375
5740,2019,1371,49.25
5741,2019,1372,290.1875
5742,2019,1373,238.375
5743,2019,1374,120.09375
5744,2019,1375,213.078125
5745,2019,1376,80.75
5746,2019,1377,239.953125
5747,2019,1378,118.75
5748,2019,1379,118.328125
5749,2019,1380,337.765625
5750,2019,1381,259.890625
5751,2019,1382,123.75
5752,2019,1383,266.078125
5753,2019,1384,232.390625
5754,2019,1385,66.1875
5755,2019,1386,173.796875
5756,2019,1387,92.328125
5757,2019,1388,40.984375
5758,2019,1389,312.5
5759,2019,1390,124.75
5760,2019,1391,334.21875
5761,2019,1392,145.875
5762,2019,1393,37.25
5763,2019,1394,280.109375
5764,2019,1395,44.8125
5765,2019,1396,58.84375
5766,2019,1397,6.731343283582089
5767,2019,1398,308.9375
5768,2019,1399,326.890625
5769,2019,1400,43.328125
5770,2019,1401,99.078125
5771,2019,1402,121.734375
5772,2019,1403,10.552238805970148
5773,2019,1404,287.890625
5774,2019,1405,58.859375
5775,2019,1406,284.5
5776,2019,1407,245.109375
5777,2019,1408,296.25
5778,2019,1409,113.09375
5779,2019,1410,170.359375
5780,2019,1411,209.765625
5781,2019,1412,145.578125
5782,2019,1413,260.5
5783,2019,1414,66.984375
5784,2019,1415,315.796875
5785,2019,1416,37.9375
5786,2019,1417,105.296875
5787,2019,1418,165.65625
5788,2019,1419,153.828125
5789,2019,1420,205.03125
5790,2019,1421,347.53968253968253
5791,2019,1422,64.8125
5792,2019,1423,269.546875
5793,2019,1424,156.28125
5794,2019,1425,104.609375
5795,2019,1426,156.84375
5796,2019,1427,160.34375
5797,2019,1428,104.203125
5798,2019,1429,34.621212121212125
5799,2019,1430,97.75
5800,2019,1431,299.8125
5801,2019,1433,36.828125
5802,2019,1434,211.828125
5803,2019,1435,168.46875
5804,2019,1436,74.890625
5805,2019,1437,23.402985074626866
5806,2019,1438,1.8507462686567164
5807,2019,1439,15.925373134328359
5808,2019,1440,289.765625
5809,2019,1441,296.15625
5810,2019,1442,306.25
5811,2019,1443,110.984375
5812,2019,1444,270.03125
5813,2019,1447,298.921875
5814,2019,1448,164.546875
5815,2019,1449,41.046875
5816,2019,1450,214.8125
5817,2019,1451,202.921875
5818,2019,1452,94.1875
5819,2019,1453,197.609375
5820,2019,1454,300.375
5821,2019,1455,84.171875
5822,2019,1456,208.859375
5823,2019,1457,180.59375
5824,2019,1458,18.850746268656717
5825,2019,1459,23.34328358208955
5826,2019,1460,132.171875
5827,2019,1461,311.140625
5828,2019,1462,67.28125
5829,2019,1463,77.203125
5830,2019,1464,273.3125
5831,2019,1465,205.23809523809524
5832,2019,1466,303.1111111111111
5833,2021,1101,83.15384615384616
5834,2021,1102,306.0769230769231
5835,2021,1103,113.0
5836,2021,1104,6.833333333333333
5837,2021,1105,323.13461538461536
5838,2021,1106,340.8076923076923
5839,2021,1107,223.82692307692307
5840,2021,1108,324.38461538461536
5841,2021,1110,209.25
5842,2021,1111,181.19230769230768
5843,2021,1112,44.36538461538461
5844,2021,1113,111.78846153846153
5845,2021,1114,222.25
5846,2021,1115,339.6923076923077
5847,2021,1116,13.148148148148149
5848,2021,1117,237.73076923076923
5849,2021,1119,138.55769230769232
5850,2021,1120,71.5576923076923
5851,2021,1122,217.84615384615384
5852,2021,1123,174.01923076923077
5853,2021,1124,3.074074074074074
5854,2021,1125,82.11538461538461
5855,2021,1127,306.9423076923077
5856,2021,1129,57.36538461538461
5857,2021,1130,192.92307692307693
5858,2021,1131,190.55769230769232
5859,2021,1132,141.98076923076923
5860,2021,1133,168.3653846153846
5861,2021,1136,140.53846153846155
5862,2021,1137,230.05769230769232
5863,2021,1138,85.01923076923077
5864,2021,1139,120.15384615384616
5865,2021,1140,20.90566037735849
5866,2021,1141,298.5769230769231
5867,2021,1142,323.6923076923077
5868,2021,1143,158.8846153846154
5869,2021,1144,206.82692307692307
5870,2021,1145,218.48076923076923
5871,2021,1146,318.0192307692308
5872,2021,1148,316.5192307692308
5873,2021,1149,331.65384615384613
5874,2021,1150,232.75
5875,2021,1151,135.3846153846154
5876,2021,1152,343.65384615384613
5877,2021,1153,107.57692307692308
5878,2021,1154,212.94230769230768
5879,2021,1155,38.30769230769231
5880,2021,1156,144.0
5881,2021,1157,148.71153846153845
5882,2021,1158,216.17307692307693
5883,2021,1159,40.09615384615385
5884,2021,1160,20.01851851851852
5885,2021,1161,61.13461538461539
5886,2021,1163,26.576923076923077
5887,2021,1164,271.75
5888,2021,1166,21.85185185185185
5889,2021,1167,163.3653846153846
5890,2021,1168,261.78846153846155
5891,2021,1169,268.34615384615387
5892,2021,1170,260.13461538461536
5893,2021,1172,69.82692307692308
5894,2021,1173,78.76923076923077
5895,2021,1174,221.28846153846155
5896,2021,1175,341.3076923076923
5897,2021,1176,338.96153846153845
5898,2021,1177,164.46153846153845
5899,2021,1178,177.92307692307693
5900,2021,1179,54.05769230769231
5901,2021,1180,142.46153846153845
5902,2021,1181,51.15384615384615
5903,2021,1182,129.71153846153845
5904,2021,1183,297.63461538461536
5905,2021,1184,145.09615384615384
5906,2021,1185,299.0192307692308
5907,2021,1186,106.3076923076923
5908,2021,1187,176.55769230769232
5909,2021,1188,308.90384615384613
5910,2021,1189,197.65384615384616
5911,2021,1190,131.90384615384616
5912,2021,1191,220.96153846153845
5913,2021,1192,263.1923076923077
5914,2021,1193,269.40384615384613
5915,2021,1194,183.46153846153845
5916,2021,1195,261.40384615384613
5917,2021,1196,41.09615384615385
5918,2021,1197,291.1923076923077
5919,2021,1198,290.53846153846155
5920,2021,1199,19.14814814814815
5921,2021,1200,305.9230769230769
5922,2021,1201,182.40384615384616
5923,2021,1202,92.38461538461539
5924,2021,1203,242.76923076923077
5925,2021,1204,238.3846153846154
5926,2021,1205,213.96153846153845
5927,2021,1206,131.44230769230768
5928,2021,1207,60.69230769230769
5929,2021,1208,94.17307692307692
5930,2021,1209,117.65384615384616
5931,2021,1210,34.25
5932,2021,1211,1.037037037037037
5933,2021,1212,287.21153846153845
5934,2021,1213,110.46153846153847
5935,2021,1214,304.5576923076923
5936,2021,1216,174.30769230769232
5937,2021,1218,199.98076923076923
5938,2021,1219,286.53846153846155
5939,2021,1220,162.73076923076923
5940,2021,1221,231.55769230769232
5941,2021,1222,5.185185185185185
5942,2021,1223,332.75
5943,2021,1224,314.37254901960785
5944,2021,1225,340.6730769230769
5945,2021,1226,261.03846153846155
5946,2021,1227,279.8076923076923
5947,2021,1228,3.7037037037037037
5948,2021,1229,244.84615384615384
5949,2021,1230,328.88461538461536
5950,2021,1231,64.67307692307692
5951,2021,1232,123.57692307692308
5952,2021,1233,143.40384615384616
5953,2021,1234,8.055555555555555
5954,2021,1235,212.0
5955,2021,1236,284.5
5956,2021,1237,265.1730769230769
5957,2021,1238,240.07692307692307
5958,2021,1239,286.3269230769231
5959,2021,1240,154.26923076923077
5960,2021,1241,148.6153846153846
5961,2021,1242,16.09259259259259
5962,2021,1243,161.90384615384616
5963,2021,1244,326.5
5964,2021,1245,114.23076923076923
5965,2021,1246,73.61538461538461
5966,2021,1247,207.32692307692307
5967,2021,1248,205.40384615384616
5968,2021,1249,293.9423076923077
5969,2021,1250,293.65384615384613
5970,2021,1251,94.32692307692308
5971,2021,1252,232.80769230769232
5972,2021,1253,266.13461538461536
5973,2021,1254,229.6153846153846
5974,2021,1255,252.92307692307693
5975,2021,1256,70.59615384615384
5976,2021,1257,54.94230769230769
5977,2021,1258,99.66666666666667
5978,2021,1259,183.34615384615384
5979,2021,1260,23.85185185185185
5980,2021,1261,26.384615384615383
5981,2021,1262,226.69230769230768
5982,2021,1263,317.71153846153845
5983,2021,1264,284.9807692307692
5984,2021,1265,230.46153846153845
5985,2021,1266,84.23076923076923
5986,2021,1267,84.92307692307692
5987,2021,1268,42.75
5988,2021,1269,123.75
5989,2021,1270,325.1730769230769
5990,2021,1272,43.55769230769231
5991,2021,1273,125.51923076923077
5992,2021,1274,137.96153846153845
5993,2021,1275,179.3846153846154
5994,2021,1276,4.833333333333333
5995,2021,1277,60.5
5996,2021,1278,73.32692307692308
5997,2021,1279,57.38461538461539
5998,2021,1280,79.78846153846153
5999,2021,1281,41.44230769230769
6000,2021,1282,237.71153846153845
6001,2021,1283,94.1923076923077
6002,2021,1284,189.32692307692307
6003,2021,1285,205.21153846153845
6004,2021,1286,214.1346153846154
6005,2021,1287,114.61538461538461
6006,2021,1288,207.69230769230768
6007,2021,1290,345.25
6008,2021,1291,189.44230769230768
6009,2021,1292,298.4423076923077
6010,2021,1293,188.55769230769232
6011,2021,1294,239.3653846153846
6012,2021,1295,168.32692307692307
6013,2021,1296,325.75
6014,2021,1297,197.51923076923077
6015,2021,1298,104.84615384615384
6016,2021,1299,277.0576923076923
6017,2021,1300,318.2692307692308
6018,2021,1301,76.09615384615384
6019,2021,1303,314.9807692307692
6020,2021,1304,141.82692307692307
6021,2021,1305,89.01923076923077
6022,2021,1306,243.73076923076923
6023,2021,1307,289.28846153846155
6024,2021,1308,173.42307692307693
6025,2021,1309,288.09615384615387
6026,2021,1310,229.73076923076923
6027,2021,1311,181.42307692307693
6028,2021,1312,282.9230769230769
6029,2021,1313,188.98076923076923
6030,2021,1314,30.557692307692307
6031,2021,1315,287.03846153846155
6032,2021,1316,292.1730769230769
6033,2021,1317,74.63461538461539
6034,2021,1318,156.19230769230768
6035,2021,1319,302.05882352941177
6036,2021,1320,182.05769230769232
6037,2021,1321,101.21153846153847
6038,2021,1322,297.15686274509807
6039,2021,1323,99.59615384615384
6040,2021,1324,228.34615384615384
6041,2021,1325,83.40384615384616
6042,2021,1326,10.61111111111111
6043,2021,1328,41.23076923076923
6044,2021,1329,21.75925925925926
6045,2021,1330,130.80769230769232
6046,2021,1331,159.59615384615384
6047,2021,1332,28.735849056603772
6048,2021,1333,76.78846153846153
6049,2021,1334,133.40384615384616
6050,2021,1336,58.32692307692308
6051,2021,1337,111.42307692307692
6052,2021,1338,107.28846153846153
6053,2021,1339,311.36538461538464
6054,2021,1340,263.36538461538464
6055,2021,1341,194.53846153846155
6056,2021,1342,319.11538461538464
6057,2021,1344,80.0576923076923
6058,2021,1345,22.685185185185187
6059,2021,1346,256.65384615384613
6060,2021,1347,225.42307692307693
6061,2021,1348,123.46153846153847
6062,2021,1349,189.15384615384616
6063,2021,1350,70.96153846153847
6064,2021,1351,293.75
6065,2021,1352,306.40384615384613
6066,2021,1353,42.44230769230769
6067,2021,1354,343.38461538461536
6068,2021,1355,118.53846153846153
6069,2021,1356,201.17307692307693
6070,2021,1357,261.1730769230769
6071,2021,1358,165.57692307692307
6072,2021,1359,269.4423076923077
6073,2021,1360,242.6153846153846
6074,2021,1361,16.185185185185187
6075,2021,1362,119.32692307692308
6076,2021,1363,320.09615384615387
6077,2021,1364,65.98039215686275
6078,2021,1365,146.25
6079,2021,1367,314.4230769230769
6080,2021,1368,325.4423076923077
6081,2021,1369,273.2692307692308
6082,2021,1370,233.09615384615384
6083,2021,1371,60.92307692307692
6084,2021,1372,143.25
6085,2021,1373,152.03846153846155
6086,2021,1374,60.78846153846154
6087,2021,1375,185.51923076923077
6088,2021,1376,143.3653846153846
6089,2021,1377,183.3846153846154
6090,2021,1378,170.55769230769232
6091,2021,1379,266.40384615384613
6092,2021,1380,289.6923076923077
6093,2021,1381,124.28846153846153
6094,2021,1382,27.653846153846153
6095,2021,1383,255.09615384615384
6096,2021,1384,277.86538461538464
6097,2021,1385,68.09615384615384
6098,2021,1386,220.8846153846154
6099,2021,1387,51.13461538461539
6100,2021,1388,68.21153846153847
6101,2021,1389,194.26923076923077
6102,2021,1390,82.88461538461539
6103,2021,1391,250.07692307692307
6104,2021,1392,235.15384615384616
6105,2021,1393,46.61538461538461
6106,2021,1394,332.75
6107,2021,1395,126.03846153846153
6108,2021,1396,162.82692307692307
6109,2021,1397,21.384615384615383
6110,2021,1398,319.2307692307692
6111,2021,1399,313.88461538461536
6112,2021,1400,16.85185185185185
6113,2021,1401,147.32692307692307
6114,2021,1402,156.03846153846155
6115,2021,1403,24.574074074074073
6116,2021,1404,325.63461538461536
6117,2021,1405,74.48076923076923
6118,2021,1406,283.5576923076923
6119,2021,1407,270.28846153846155
6120,2021,1408,163.19230769230768
6121,2021,1409,130.76923076923077
6122,2021,1410,284.7307692307692
6123,2021,1411,190.76923076923077
6124,2021,1412,85.6923076923077
6125,2021,1413,216.51923076923077
6126,2021,1414,109.13461538461539
6127,2021,1415,120.15384615384616
6128,2021,1416,103.32692307692308
6129,2021,1417,45.59615384615385
6130,2021,1418,177.05769230769232
6131,2021,1419,286.5769230769231
6132,2021,1420,149.09615384615384
6133,2021,1421,237.53846153846155
6134,2021,1422,90.3921568627451
6135,2021,1423,251.64705882352942
6136,2021,1424,170.71153846153845
6137,2021,1425,16.796296296296298
6138,2021,1426,229.1346153846154
6139,2021,1427,166.65384615384616
6140,2021,1428,83.1923076923077
6141,2021,1429,42.30769230769231
6142,2021,1430,210.78846153846155
6143,2021,1431,159.98076923076923
6144,2021,1433,40.82692307692308
6145,2021,1434,217.96153846153845
6146,2021,1435,122.92307692307692
6147,2021,1436,137.30769230769232
6148,2021,1437,19.203703703703702
6149,2021,1438,17.796296296296298
6150,2021,1439,47.388888888888886
6151,2021,1440,166.46153846153845
6152,2021,1441,233.8846153846154
6153,2021,1442,311.5769230769231
6154,2021,1443,74.38461538461539
6155,2021,1444,293.15384615384613
6156,2021,1447,181.84615384615384
6157,2021,1448,186.65384615384616
6158,2021,1449,195.1153846153846
6159,2021,1450,104.25
6160,2021,1451,126.0
6161,2021,1452,20.22222222222222
6162,2021,1453,263.40384615384613
6163,2021,1454,225.90384615384616
6164,2021,1455,57.30769230769231
6165,2021,1456,265.15384615384613
6166,2021,1457,66.71153846153847
6167,2021,1458,27.96153846153846
6168,2021,1459,117.0576923076923
6169,2021,1460,78.1923076923077
6170,2021,1461,154.19230769230768
6171,2021,1462,63.13461538461539
6172,2021,1464,238.07692307692307
6173,2021,1465,225.23076923076923
6174,2021,1466,259.9423076923077
6175,2021,1467,239.8235294117647
6176,2021,1468,180.62
6177,2021,1469,315.14285714285717
6178,2021,1470,254.3673469387755
6179,2021,1471,255.62
6180,2022,1101,121.60317460317461
6181,2022,1102,243.14285714285714
6182,2022,1103,117.4920634920635
6183,2022,1104,27.873015873015873
6184,2022,1105,322.12698412698415
6185,2022,1106,321.93650793650795
6186,2022,1107,282.0
6187,2022,1108,259.14285714285717
6188,2022,1110,328.3174603174603
6189,2022,1111,157.28571428571428
6190,2022,1112,2.212121212121212
6191,2022,1113,93.7936507936508
6192,2022,1114,305.55555555555554
6193,2022,1115,350.6031746031746
6194,2022,1116,18.681818181818183
6195,2022,1117,178.0793650793651
6196,2022,1119,281.41269841269843
6197,2022,1120,7.545454545454546
6198,2022,1122,285.9047619047619
6199,2022,1123,251.44444444444446
6200,2022,1124,5.590909090909091
6201,2022,1125,73.71428571428571
6202,2022,1126,336.6031746031746
6203,2022,1127,288.3492063492063
6204,2022,1129,31.184615384615384
6205,2022,1130,148.88888888888889
6206,2022,1131,203.96825396825398
6207,2022,1132,267.3015873015873
6208,2022,1133,115.47619047619048
6209,2022,1135,217.68253968253967
6210,2022,1136,174.38095238095238
6211,2022,1137,329.2063492063492
6212,2022,1138,123.53968253968254
6213,2022,1139,120.88888888888889
6214,2022,1140,61.6031746031746
6215,2022,1141,308.3968253968254
6216,2022,1142,309.8253968253968
6217,2022,1143,148.47619047619048
6218,2022,1144,225.55555555555554
6219,2022,1145,266.23809523809524
6220,2022,1146,305.2063492063492
6221,2022,1148,344.984126984127
6222,2022,1149,349.2063492063492
6223,2022,1150,174.93650793650792
6224,2022,1151,72.74603174603175
6225,2022,1152,335.22222222222223
6226,2022,1153,105.12698412698413
6227,2022,1154,242.79365079365078
6228,2022,1155,87.15873015873017
6229,2022,1156,175.4920634920635
6230,2022,1157,174.1904761904762
6231,2022,1158,153.23809523809524
6232,2022,1159,134.015873015873
6233,2022,1160,62.3968253968254
6234,2022,1161,31.8
6235,2022,1162,350.25396825396825
6236,2022,1163,19.439393939393938
6237,2022,1164,311.3492063492063
6238,2022,1165,193.68253968253967
6239,2022,1166,45.36507936507937
6240,2022,1167,284.04761904761904
6241,2022,1168,149.36507936507937
6242,2022,1169,325.031746031746
6243,2022,1170,302.3809523809524
6244,2022,1171,233.0952380952381
6245,2022,1172,41.15873015873016
6246,2022,1173,59.01587301587302
6247,2022,1174,132.14285714285714
6248,2022,1175,355.968253968254
6249,2022,1176,296.3809523809524
6250,2022,1177,99.58730158730158
6251,2022,1178,226.34920634920636
6252,2022,1179,83.93650793650794
6253,2022,1180,169.33333333333334
6254,2022,1181,11.43939393939394
6255,2022,1182,279.6031746031746
6256,2022,1183,354.5238095238095
6257,2022,1184,268.74603174603175
6258,2022,1185,298.93650793650795
6259,2022,1186,216.66666666666666
6260,2022,1187,168.6984126984127
6261,2022,1188,300.9047619047619
6262,2022,1189,254.82539682539684
6263,2022,1190,187.71428571428572
6264,2022,1191,315.36507936507934
6265,2022,1192,348.25396825396825
6266,2022,1193,222.1904761904762
6267,2022,1194,143.4920634920635
6268,2022,1195,186.36507936507937
6269,2022,1196,54.476190476190474
6270,2022,1197,308.06349206349205
6271,2022,1198,257.3809523809524
6272,2022,1199,100.76190476190476
6273,2022,1200,179.25396825396825
6274,2022,1201,88.96825396825396
6275,2022,1202,89.68253968253968
6276,2022,1203,221.46031746031747
6277,2022,1204,250.42857142857142
6278,2022,1205,191.20634920634922
6279,2022,1206,131.28571428571428
6280,2022,1207,194.12698412698413
6281,2022,1208,223.04761904761904
6282,2022,1209,146.82539682539684
6283,2022,1210,168.71428571428572
6284,2022,1211,1.5909090909090908
6285,2022,1212,313.015873015873
6286,2022,1213,92.39682539682539
6287,2022,1214,327.5238095238095
6288,2022,1216,282.26984126984127
6289,2022,1217,230.23809523809524
6290,2022,1218,171.95238095238096
6291,2022,1219,256.3015873015873
6292,2022,1220,118.42857142857143
6293,2022,1221,342.76190476190476
6294,2022,1222,7.833333333333333
6295,2022,1223,328.031746031746
6296,2022,1224,252.5079365079365
6297,2022,1225,321.06349206349205
6298,2022,1226,336.3015873015873
6299,2022,1227,269.3015873015873
6300,2022,1228,18.257575757575758
6301,2022,1229,208.55555555555554
6302,2022,1230,347.92063492063494
6303,2022,1231,41.317460317460316
6304,2022,1232,241.85714285714286
6305,2022,1233,81.19047619047619
6306,2022,1234,15.075757575757576
6307,2022,1235,50.76190476190476
6308,2022,1236,203.47619047619048
6309,2022,1237,356.9047619047619
6310,2022,1238,293.14285714285717
6311,2022,1239,176.6984126984127
6312,2022,1240,144.85714285714286
6313,2022,1241,209.22222222222223
6314,2022,1242,4.2272727272727275
6315,2022,1243,83.01587301587301
6316,2022,1244,245.87301587301587
6317,2022,1245,122.2063492063492
6318,2022,1246,7.045454545454546
6319,2022,1247,225.12698412698413
6320,2022,1248,315.0952380952381
6321,2022,1249,351.07936507936506
6322,2022,1250,294.41269841269843
6323,2022,1251,132.9206349206349
6324,2022,1252,266.3492063492063
6325,2022,1253,145.63492063492063
6326,2022,1254,234.93650793650792
6327,2022,1255,135.12698412698413
6328,2022,1256,94.03174603174604
6329,2022,1257,136.1904761904762
6330,2022,1258,200.93650793650792
6331,2022,1259,269.55555555555554
6332,2022,1260,34.77777777777778
6333,2022,1261,22.206349206349206
6334,2022,1262,253.93650793650792
6335,2022,1263,349.6507936507937
6336,2022,1264,249.73015873015873
6337,2022,1265,222.984126984127
6338,2022,1266,47.095238095238095
6339,2022,1267,233.47619047619048
6340,2022,1268,81.34920634920636
6341,2022,1269,173.95238095238096
6342,2022,1270,316.4761904761905
6343,2022,1271,311.41269841269843
6344,2022,1272,31.603174603174605
6345,2022,1273,192.0793650793651
6346,2022,1274,53.507936507936506
6347,2022,1275,250.17460317460316
6348,2022,1276,39.301587301587304
6349,2022,1277,32.3968253968254
6350,2022,1278,112.93650793650794
6351,2022,1279,116.12698412698413
6352,2022,1280,58.53968253968254
6353,2022,1281,142.1904761904762
6354,2022,1282,203.42857142857142
6355,2022,1283,75.53968253968254
6356,2022,1284,147.61904761904762
6357,2022,1285,229.44444444444446
6358,2022,1286,116.23809523809524
6359,2022,1287,126.23809523809524
6360,2022,1288,296.76190476190476
6361,2022,1290,355.42857142857144
6362,2022,1291,256.58730158730157
6363,2022,1292,103.25396825396825
6364,2022,1293,34.63636363636363
6365,2022,1294,200.42857142857142
6366,2022,1295,141.34920634920636
6367,2022,1296,288.031746031746
6368,2022,1297,183.31746031746033
6369,2022,1298,177.96825396825398
6370,2022,1299,293.6507936507937
6371,2022,1300,284.984126984127
6372,2022,1301,154.36507936507937
6373,2022,1303,343.1111111111111
6374,2022,1304,147.79365079365078
6375,2022,1305,125.85714285714286
6376,2022,1306,239.77777777777777
6377,2022,1307,164.73015873015873
6378,2022,1308,71.3015873015873
6379,2022,1309,254.20634920634922
6380,2022,1310,206.36507936507937
6381,2022,1311,199.36507936507937
6382,2022,1312,324.42857142857144
6383,2022,1313,168.23809523809524
6384,2022,1314,30.49206349206349
6385,2022,1315,346.44444444444446
6386,2022,1316,270.1746031746032
6387,2022,1317,55.76190476190476
6388,2022,1318,258.2063492063492
6389,2022,1319,326.6984126984127
6390,2022,1320,96.14285714285714
6391,2022,1321,93.2063492063492
6392,2022,1322,332.031746031746
6393,2022,1323,53.111111111111114
6394,2022,1324,167.63492063492063
6395,2022,1325,112.26984126984127
6396,2022,1326,33.95238095238095
6397,2022,1328,40.492063492063494
6398,2022,1329,52.93650793650794
6399,2022,1330,194.9047619047619
6400,2022,1331,161.9206349206349
6401,2022,1332,71.88888888888889
6402,2022,1333,244.65079365079364
6403,2022,1334,289.3333333333333
6404,2022,1335,211.20634920634922
6405,2022,1336,89.63492063492063
6406,2022,1337,279.57142857142856
6407,2022,1338,188.46031746031747
6408,2022,1339,177.38095238095238
6409,2022,1340,257.22222222222223
6410,2022,1341,299.0952380952381
6411,2022,1342,279.26984126984127
6412,2022,1343,105.28571428571429
6413,2022,1344,29.136363636363637
6414,2022,1345,11.621212121212121
6415,2022,1346,240.38095238095238
6416,2022,1347,288.36507936507934
6417,2022,1348,148.71428571428572
6418,2022,1349,206.95238095238096
6419,2022,1350,73.52380952380952
6420,2022,1351,235.82539682539684
6421,2022,1352,320.6507936507937
6422,2022,1353,69.98412698412699
6423,2022,1354,309.23809523809524
6424,2022,1355,58.74603174603175
6425,2022,1356,148.5873015873016
6426,2022,1357,322.41269841269843
6427,2022,1358,152.5079365079365
6428,2022,1359,167.984126984127
6429,2022,1360,210.26984126984127
6430,2022,1361,27.936507936507937
6431,2022,1362,29.03174603174603
6432,2022,1363,275.015873015873
6433,2022,1364,152.14285714285714
6434,2022,1365,69.33333333333333
6435,2022,1367,269.2063492063492
6436,2022,1368,254.46031746031747
6437,2022,1369,253.8095238095238
6438,2022,1370,128.4920634920635
6439,2022,1371,36.890625
6440,2022,1372,111.74603174603175
6441,2022,1373,226.46031746031747
6442,2022,1374,45.98412698412698
6443,2022,1375,149.52380952380952
6444,2022,1376,88.04761904761905
6445,2022,1377,192.57142857142858
6446,2022,1378,243.63492063492063
6447,2022,1379,332.1111111111111
6448,2022,1380,232.06349206349208
6449,2022,1381,169.03174603174602
6450,2022,1382,69.77777777777777
6451,2022,1383,323.3809523809524
6452,2022,1384,328.6031746031746
6453,2022,1385,62.92063492063492
6454,2022,1386,185.26984126984127
6455,2022,1387,58.476190476190474
6456,2022,1388,19.87878787878788
6457,2022,1389,128.74603174603175
6458,2022,1390,100.28571428571429
6459,2022,1391,302.4761904761905
6460,2022,1392,223.5873015873016
6461,2022,1393,85.41269841269842
6462,2022,1394,233.14285714285714
6463,2022,1395,43.96825396825397
6464,2022,1396,111.01587301587301
6465,2022,1397,6.878787878787879
6466,2022,1398,281.9047619047619
6467,2022,1399,271.6984126984127
6468,2022,1400,22.646153846153847
6469,2022,1401,45.57142857142857
6470,2022,1402,126.5079365079365
6471,2022,1403,12.378787878787879
6472,2022,1404,318.1587301587302
6473,2022,1405,75.93650793650794
6474,2022,1406,81.22222222222223
6475,2022,1407,179.984126984127
6476,2022,1408,107.88888888888889
6477,2022,1409,179.28571428571428
6478,2022,1410,308.3174603174603
6479,2022,1411,200.87301587301587
6480,2022,1412,48.38095238095238
6481,2022,1413,220.63492063492063
6482,2022,1414,140.61904761904762
6483,2022,1415,173.34920634920636
6484,2022,1416,99.22222222222223
6485,2022,1417,10.393939393939394
6486,2022,1418,186.82539682539684
6487,2022,1419,264.968253968254
6488,2022,1420,226.4920634920635
6489,2022,1421,229.88888888888889
6490,2022,1422,171.53968253968253
6491,2022,1423,152.71428571428572
6492,2022,1424,91.2063492063492
6493,2022,1425,34.65151515151515
6494,2022,1426,232.63492063492063
6495,2022,1427,307.36507936507934
6496,2022,1428,145.71428571428572
6497,2022,1429,70.0
6498,2022,1430,126.84126984126983
6499,2022,1431,150.17460317460316
6500,2022,1433,52.46031746031746
6501,2022,1434,207.04761904761904
6502,2022,1435,71.44444444444444
6503,2022,1436,63.03174603174603
6504,2022,1437,9.318181818181818
6505,2022,1438,76.95238095238095
6506,2022,1439,34.707692307692305
6507,2022,1440,179.3015873015873
6508,2022,1441,284.3492063492063
6509,2022,1442,236.03174603174602
6510,2022,1443,123.2063492063492
6511,2022,1444,319.0
6512,2022,1447,141.93650793650792
6513,2022,1448,45.63492063492063
6514,2022,1449,107.34920634920636
6515,2022,1450,65.76190476190476
6516,2022,1451,166.38095238095238
6517,2022,1452,74.0952380952381
6518,2022,1453,339.93650793650795
6519,2022,1454,325.58730158730157
6520,2022,1455,96.65079365079364
6521,2022,1456,336.76190476190476
6522,2022,1457,150.12698412698413
6523,2022,1458,23.59090909090909
6524,2022,1459,128.34920634920636
6525,2022,1460,172.47619047619048
6526,2022,1461,57.142857142857146
6527,2022,1462,50.34920634920635
6528,2022,1463,138.57142857142858
6529,2022,1464,247.53968253968253
6530,2022,1465,217.3015873015873
6531,2022,1466,316.1587301587302
6532,2022,1467,280.74603174603175
6533,2022,1468,182.95238095238096
6534,2022,1469,268.25396825396825
6535,2022,1470,222.95238095238096
6536,2022,1471,261.58730158730157
6537,2022,1472,310.83870967741933
6538,2023,1101,210.75806451612902
6539,2023,1102,162.4516129032258
6540,2023,1103,106.29032258064517
6541,2023,1104,1.7121212121212122
6542,2023,1105,310.8225806451613
6543,2023,1106,351.16129032258067
6544,2023,1107,342.93548387096774
6545,2023,1108,236.08064516129033
6546,2023,1110,264.16129032258067
6547,2023,1111,188.1451612903226
6548,2023,1112,8.545454545454545
6549,2023,1113,61.93650793650794
6550,2023,1114,326.46774193548384
6551,2023,1115,337.241935483871
6552,2023,1116,26.333333333333332
6553,2023,1117,284.258064516129
6554,2023,1119,254.83870967741936
6555,2023,1120,31.317460317460316
6556,2023,1122,325.4032258064516
6557,2023,1123,160.3709677419355
6558,2023,1124,14.393939393939394
6559,2023,1125,115.80645161290323
6560,2023,1126,342.2741935483871
6561,2023,1127,295.741935483871
6562,2023,1129,35.44444444444444
6563,2023,1130,145.9516129032258
6564,2023,1131,267.1774193548387
6565,2023,1132,293.83870967741933
6566,2023,1133,73.43548387096774
6567,2023,1135,185.82258064516128
6568,2023,1136,200.7741935483871
6569,2023,1137,308.03225806451616
6570,2023,1138,200.53225806451613
6571,2023,1139,124.59677419354838
6572,2023,1140,85.95161290322581
6573,2023,1141,328.5483870967742
6574,2023,1142,307.88709677419354
6575,2023,1143,285.43548387096774
6576,2023,1144,232.1451612903226
6577,2023,1145,269.2258064516129
6578,2023,1146,326.53225806451616
6579,2023,1148,341.01612903225805
6580,2023,1149,310.16129032258067
6581,2023,1150,124.91935483870968
6582,2023,1151,189.01612903225808
6583,2023,1152,311.83870967741933
6584,2023,1153,60.096774193548384
6585,2023,1154,325.3709677419355
6586,2023,1155,54.11290322580645
6587,2023,1156,174.43548387096774
6588,2023,1157,290.5483870967742
6589,2023,1158,48.953125
6590,2023,1159,109.40322580645162
6591,2023,1160,75.38709677419355
6592,2023,1161,115.8225806451613
6593,2023,1162,343.43548387096774
6594,2023,1163,9.818181818181818
6595,2023,1164,329.6290322580645
6596,2023,1165,152.48387096774192
6597,2023,1166,23.53125
6598,2023,1167,298.16129032258067
6599,2023,1168,134.0
6600,2023,1169,334.01612903225805
6601,2023,1170,242.29032258064515
6602,2023,1171,276.01612903225805
6603,2023,1172,135.4516129032258
6604,2023,1173,74.70967741935483
6605,2023,1174,220.38709677419354
6606,2023,1175,355.6774193548387
6607,2023,1176,290.93548387096774
6608,2023,1177,158.3709677419355
6609,2023,1178,218.96774193548387
6610,2023,1179,55.03225806451613
6611,2023,1180,200.16129032258064
6612,2023,1181,16.166666666666668
6613,2023,1182,117.7741935483871
6614,2023,1183,342.4032258064516
6615,2023,1184,158.0483870967742
6616,2023,1185,319.11290322580646
6617,2023,1186,133.4516129032258
6618,2023,1187,172.75806451612902
6619,2023,1188,239.51612903225808
6620,2023,1189,335.80645161290323
6621,2023,1190,262.3709677419355
6622,2023,1191,346.35483870967744
6623,2023,1192,295.2258064516129
6624,2023,1193,261.2741935483871
6625,2023,1194,22.545454545454547
6626,2023,1195,190.16129032258064
6627,2023,1196,70.19354838709677
6628,2023,1197,356.33870967741933
6629,2023,1198,217.6451612903226
6630,2023,1199,199.25806451612902
6631,2023,1200,110.14516129032258
6632,2023,1201,159.06451612903226
6633,2023,1202,88.1774193548387
6634,2023,1203,193.51612903225808
6635,2023,1204,206.0483870967742
6636,2023,1205,217.33870967741936
6637,2023,1206,129.0483870967742
6638,2023,1207,231.88709677419354
6639,2023,1208,143.19354838709677
6640,2023,1209,288.0967741935484
6641,2023,1210,153.82258064516128
6642,2023,1211,6.409090909090909
6643,2023,1212,178.20967741935485
6644,2023,1213,102.80645161290323
6645,2023,1214,342.9193548387097
6646,2023,1216,361.5
6647,2023,1217,185.96774193548387
6648,2023,1218,132.20967741935485
6649,2023,1219,288.96774193548384
6650,2023,1220,87.62903225806451
6651,2023,1221,339.9516129032258
6652,2023,1222,2.257575757575758
6653,2023,1223,351.85483870967744
6654,2023,1224,195.79032258064515
6655,2023,1225,316.01612903225805
6656,2023,1226,279.61290322580646
6657,2023,1227,283.06451612903226
6658,2023,1228,38.666666666666664
6659,2023,1229,271.83870967741933
6660,2023,1230,337.741935483871
6661,2023,1231,25.28787878787879
6662,2023,1232,105.98387096774194
6663,2023,1233,68.8225806451613
6664,2023,1234,45.53968253968254
6665,2023,1235,27.714285714285715
6666,2023,1236,228.19354838709677
6667,2023,1237,358.9193548387097
6668,2023,1238,295.9516129032258
6669,2023,1239,237.5
6670,2023,1240,244.69354838709677
6671,2023,1241,108.62903225806451
6672,2023,1242,5.96969696969697
6673,2023,1243,21.196969696969695
6674,2023,1244,111.06451612903226
6675,2023,1245,60.666666666666664
6676,2023,1246,28.238095238095237
6677,2023,1247,207.98387096774192
6678,2023,1248,283.6290322580645
6679,2023,1249,354.85483870967744
6680,2023,1250,267.11290322580646
6681,2023,1251,63.54838709677419
6682,2023,1252,160.98387096774192
6683,2023,1253,176.59677419354838
6684,2023,1254,362.8225806451613
6685,2023,1255,180.53225806451613
6686,2023,1256,177.53225806451613
6687,2023,1257,284.0
6688,2023,1258,105.51612903225806
6689,2023,1259,315.56451612903226
6690,2023,1260,243.40322580645162
6691,2023,1261,136.8709677419355
6692,2023,1262,127.91935483870968
6693,2023,1263,279.11290322580646
6694,2023,1264,296.4193548387097
6695,2023,1265,279.96774193548384
6696,2023,1266,10.787878787878787
6697,2023,1267,83.56451612903226
6698,2023,1268,33.904761904761905
6699,2023,1269,186.53225806451613
6700,2023,1270,330.66129032258067
6701,2023,1271,236.43548387096774
6702,2023,1272,19.453125
6703,2023,1273,237.69354838709677
6704,2023,1274,30.606060606060606
6705,2023,1275,279.7903225806452
6706,2023,1276,57.82258064516129
6707,2023,1277,36.57142857142857
6708,2023,1278,201.17741935483872
6709,2023,1279,125.45161290322581
6710,2023,1280,49.92063492063492
6711,2023,1281,38.36363636363637
6712,2023,1282,305.5806451612903
6713,2023,1283,141.96774193548387
6714,2023,1284,338.9516129032258
6715,2023,1285,176.8548387096774
6716,2023,1286,110.7741935483871
6717,2023,1287,218.7258064516129
6718,2023,1288,295.6774193548387
6719,2023,1290,356.88709677419354
6720,2023,1291,274.88709677419354
6721,2023,1292,119.80645161290323
6722,2023,1293,191.7258064516129
6723,2023,1294,244.46774193548387
6724,2023,1295,216.08064516129033
6725,2023,1296,252.32258064516128
6726,2023,1297,150.5483870967742
6727,2023,1298,191.69354838709677
6728,2023,1299,307.0483870967742
6729,2023,1300,190.1451612903226
6730,2023,1301,42.77777777777778
6731,2023,1303,314.7096774193548
6732,2023,1304,94.09677419354838
6733,2023,1305,52.67741935483871
6734,2023,1306,267.4032258064516
6735,2023,1307,61.306451612903224
6736,2023,1308,206.11290322580646
6737,2023,1309,330.14516129032256
6738,2023,1310,243.8709677419355
6739,2023,1311,265.741935483871
6740,2023,1312,335.758064516129
6741,2023,1313,183.46774193548387
6742,2023,1314,43.435483870967744
6743,2023,1315,271.19354838709677
6744,2023,1316,232.9516129032258
6745,2023,1317,51.04838709677419
6746,2023,1318,299.5483870967742
6747,2023,1319,242.79032258064515
6748,2023,1320,203.51612903225808
6749,2023,1321,41.28125
6750,2023,1322,194.7741935483871
6751,2023,1323,170.70967741935485
6752,2023,1324,263.7741935483871
6753,2023,1325,140.83870967741936
6754,2023,1326,66.80645161290323
6755,2023,1328,64.7741935483871
6756,2023,1329,46.96825396825397
6757,2023,1330,152.06451612903226
6758,2023,1331,51.77777777777778
6759,2023,1332,53.83870967741935
6760,2023,1333,210.25806451612902
6761,2023,1334,198.6451612903226
6762,2023,1335,142.20967741935485
6763,2023,1336,43.07936507936508
6764,2023,1337,219.6451612903226
6765,2023,1338,64.91935483870968
6766,2023,1339,173.1451612903226
6767,2023,1340,257.38709677419354
6768,2023,1341,291.69354838709677
6769,2023,1342,348.2741935483871
6770,2023,1343,111.85483870967742
6771,2023,1344,49.317460317460316
6772,2023,1345,5.9393939393939394
6773,2023,1346,185.46774193548387
6774,2023,1347,187.19354838709677
6775,2023,1348,251.79032258064515
6776,2023,1349,191.33870967741936
6777,2023,1350,154.06451612903226
6778,2023,1351,211.5
6779,2023,1352,242.09677419354838
6780,2023,1353,48.774193548387096
6781,2023,1354,350.35483870967744
6782,2023,1355,159.69354838709677
6783,2023,1356,114.58064516129032
6784,2023,1357,318.2258064516129
6785,2023,1358,71.37096774193549
6786,2023,1359,147.24193548387098
6787,2023,1360,233.09677419354838
6788,2023,1361,15.484848484848484
6789,2023,1362,101.25806451612904
6790,2023,1363,94.91935483870968
6791,2023,1364,101.30645161290323
6792,2023,1365,71.48387096774194
6793,2023,1367,243.4516129032258
6794,2023,1368,253.83870967741936
6795,2023,1369,243.08064516129033
6796,2023,1370,139.32258064516128
6797,2023,1371,77.06451612903226
6798,2023,1372,141.74193548387098
6799,2023,1373,212.9516129032258
6800,2023,1374,189.59677419354838
6801,2023,1375,122.35483870967742
6802,2023,1376,198.66129032258064
6803,2023,1377,290.1290322580645
6804,2023,1378,163.59677419354838
6805,2023,1379,94.69354838709677
6806,2023,1380,281.0483870967742
6807,2023,1381,114.19354838709677
6808,2023,1382,188.69354838709677
6809,2023,1383,342.9193548387097
6810,2023,1384,330.06451612903226
6811,2023,1385,89.04838709677419
6812,2023,1386,178.59677419354838
6813,2023,1387,85.8225806451613
6814,2023,1388,14.969696969696969
6815,2023,1389,289.85483870967744
6816,2023,1390,104.01612903225806
6817,2023,1391,177.08064516129033
6818,2023,1392,319.56451612903226
6819,2023,1393,111.8225806451613
6820,2023,1394,181.5
6821,2023,1395,27.23076923076923
6822,2023,1396,117.29032258064517
6823,2023,1397,12.484848484848484
6824,2023,1398,277.7096774193548
6825,2023,1399,275.80645161290323
6826,2023,1400,6.363636363636363
6827,2023,1401,22.863636363636363
6828,2023,1402,202.01612903225808
6829,2023,1403,64.61290322580645
6830,2023,1404,262.8225806451613
6831,2023,1405,78.40322580645162
6832,2023,1406,130.1451612903226
6833,2023,1407,137.74193548387098
6834,2023,1408,95.54838709677419
6835,2023,1409,311.46774193548384
6836,2023,1410,248.19354838709677
6837,2023,1411,286.96774193548384
6838,2023,1412,55.725806451612904
6839,2023,1413,171.08064516129033
6840,2023,1414,107.25806451612904
6841,2023,1415,137.33870967741936
6842,2023,1416,76.8225806451613
6843,2023,1417,4.424242424242424
6844,2023,1418,86.09677419354838
6845,2023,1419,283.80645161290323
6846,2023,1420,238.46774193548387
6847,2023,1421,131.93548387096774
6848,2023,1422,128.0
6849,2023,1423,134.75806451612902
6850,2023,1424,89.90322580645162
6851,2023,1425,41.317460317460316
6852,2023,1426,246.17741935483872
6853,2023,1427,283.2741935483871
6854,2023,1428,87.95161290322581
6855,2023,1429,24.015873015873016
6856,2023,1430,75.41935483870968
6857,2023,1431,189.38709677419354
6858,2023,1433,43.46031746031746
6859,2023,1434,281.2741935483871
6860,2023,1435,65.03174603174604
6861,2023,1436,109.08064516129032
6862,2023,1437,73.58064516129032
6863,2023,1438,24.09090909090909
6864,2023,1439,75.1774193548387
6865,2023,1440,352.14516129032256
6866,2023,1441,227.17741935483872
6867,2023,1442,254.1451612903226
6868,2023,1443,167.41935483870967
6869,2023,1444,327.5806451612903
6870,2023,1447,304.7903225806452
6871,2023,1448,82.75806451612904
6872,2023,1449,110.61290322580645
6873,2023,1450,76.37096774193549
6874,2023,1451,194.96774193548387
6875,2023,1452,26.984126984126984
6876,2023,1453,360.64516129032256
6877,2023,1454,198.17741935483872
6878,2023,1455,107.54838709677419
6879,2023,1456,300.5
6880,2023,1457,244.33870967741936
6881,2023,1458,70.59677419354838
6882,2023,1459,223.0
6883,2023,1460,201.3548387096774
6884,2023,1461,175.58064516129033
6885,2023,1462,18.181818181818183
6886,2023,1463,81.8225806451613
6887,2023,1464,132.51612903225808
6888,2023,1465,171.41935483870967
6889,2023,1466,234.3709677419355
6890,2023,1467,285.64516129032256
6891,2023,1468,239.82258064516128
6892,2023,1469,186.01612903225808
6893,2023,1470,164.83870967741936
6894,2023,1471,280.4032258064516
6895,2023,1472,197.8548387096774
6896,2023,1473,340.0806451612903
6897,2023,1474,205.66129032258064
6898,2023,1475,272.4516129032258
6899,2023,1476,315.96774193548384
6900,2023,1477,310.741935483871
6901,2024,1101,212.1578947368421
6902,2024,1102,259.89473684210526
6903,2024,1103,110.9298245614035
6904,2024,1104,14.525423728813559
6905,2024,1105,325.8421052631579
6906,2024,1106,316.0701754385965
6907,2024,1107,260.03508771929825
6908,2024,1108,289.3157894736842
6909,2024,1110,291.4035087719298
6910,2024,1111,77.01754385964912
6911,2024,1112,6.728813559322034
6912,2024,1113,126.75438596491227
6913,2024,1114,188.49122807017545
6914,2024,1115,330.57894736842104
6915,2024,1116,104.66666666666667
6916,2024,1117,141.50877192982455
6917,2024,1119,341.56140350877195
6918,2024,1120,5.4576271186440675
6919,2024,1122,213.52631578947367
6920,2024,1123,259.49122807017545
6921,2024,1124,14.152542372881356
6922,2024,1125,113.9298245614035
6923,2024,1126,297.43859649122805
6924,2024,1127,262.2105263157895
6925,2024,1129,42.228070175438596
6926,2024,1130,82.50877192982456
6927,2024,1131,292.5263157894737
6928,2024,1132,211.64912280701753
6929,2024,1133,69.01754385964912
6930,2024,1135,196.03508771929825
6931,2024,1136,166.12280701754386
6932,2024,1137,276.2631578947368
6933,2024,1138,344.87719298245617
6934,2024,1139,72.96491228070175
6935,2024,1140,20.135593220338983
6936,2024,1141,239.80701754385964
6937,2024,1142,342.17543859649123
6938,2024,1143,131.3859649122807
6939,2024,1144,300.0877192982456
6940,2024,1145,261.7894736842105
6941,2024,1146,336.35087719298247
6942,2024,1148,249.5438596491228
6943,2024,1149,312.7543859649123
6944,2024,1150,112.70175438596492
6945,2024,1151,143.31578947368422
6946,2024,1152,292.29824561403507
6947,2024,1153,46.68421052631579
6948,2024,1154,283.140350877193
6949,2024,1155,35.40350877192982
6950,2024,1156,183.0
6951,2024,1157,315.1929824561403
6952,2024,1158,84.9298245614035
6953,2024,1159,130.96491228070175
6954,2024,1160,29.29824561403509
6955,2024,1161,40.94736842105263
6956,2024,1162,243.0
6957,2024,1163,2.0338983050847457
6958,2024,1164,360.12280701754383
6959,2024,1165,97.71929824561404
6960,2024,1166,13.694915254237289
6961,2024,1167,252.12280701754386
6962,2024,1168,234.08771929824562
6963,2024,1169,224.05263157894737
6964,2024,1170,307.2105263157895
6965,2024,1171,329.2456140350877
6966,2024,1172,139.05263157894737
6967,2024,1173,32.70175438596491
6968,2024,1174,173.8421052631579
6969,2024,1175,297.36842105263156
6970,2024,1176,270.70175438596493
6971,2024,1177,303.12280701754383
6972,2024,1178,352.29824561403507
6973,2024,1179,40.12280701754386
6974,2024,1180,129.50877192982455
6975,2024,1181,12.728813559322035
6976,2024,1182,72.64912280701755
6977,2024,1183,310.5964912280702
6978,2024,1184,210.59649122807016
6979,2024,1185,311.9824561403509
6980,2024,1186,143.4561403508772
6981,2024,1187,186.82456140350877
6982,2024,1188,278.94736842105266
6983,2024,1189,307.0175438596491
6984,2024,1190,178.49122807017545
6985,2024,1191,203.66666666666666
6986,2024,1192,318.63157894736844
6987,2024,1193,165.78947368421052
6988,2024,1194,37.08771929824562
6989,2024,1195,248.80701754385964
6990,2024,1196,26.017241379310345
6991,2024,1197,343.35087719298247
6992,2024,1198,281.2280701754386
6993,2024,1199,85.28070175438596
6994,2024,1200,192.33333333333334
6995,2024,1201,219.82456140350877
6996,2024,1202,158.7017543859649
6997,2024,1203,194.17543859649123
6998,2024,1204,283.89473684210526
6999,2024,1205,199.3859649122807
7000,2024,1206,97.78947368421052
7001,2024,1207,211.10526315789474
7002,2024,1208,91.24561403508773
7003,2024,1209,228.68421052631578
7004,2024,1210,122.01754385964912
7005,2024,1211,18.491525423728813
7006,2024,1212,251.2280701754386
7007,2024,1213,47.43859649122807
7008,2024,1214,336.63157894736844
7009,2024,1217,210.03508771929825
7010,2024,1218,165.49122807017545
7011,2024,1219,115.0701754385965
7012,2024,1220,116.19298245614036
7013,2024,1221,344.35087719298247
7014,2024,1222,1.7796610169491525
7015,2024,1223,353.7368421052632
7016,2024,1224,265.3157894736842
7017,2024,1225,315.7894736842105
7018,2024,1226,265.8421052631579
7019,2024,1227,214.19298245614036
7020,2024,1228,9.983050847457626
7021,2024,1229,186.42105263157896
7022,2024,1230,347.5263157894737
7023,2024,1231,79.29824561403508
7024,2024,1232,39.54385964912281
7025,2024,1233,226.1578947368421
7026,2024,1234,58.78947368421053
7027,2024,1235,5.796610169491525
7028,2024,1236,166.2982456140351
7029,2024,1237,358.0701754385965
7030,2024,1238,294.89473684210526
7031,2024,1239,271.05263157894734
7032,2024,1240,231.31578947368422
7033,2024,1241,52.666666666666664
7034,2024,1242,19.16949152542373
7035,2024,1243,62.35087719298246
7036,2024,1244,266.7543859649123
7037,2024,1245,178.68421052631578
7038,2024,1246,18.728813559322035
7039,2024,1247,185.05263157894737
7040,2024,1248,318.29824561403507
7041,2024,1249,227.2982456140351
7042,2024,1250,273.3859649122807
7043,2024,1251,146.50877192982455
7044,2024,1252,166.94736842105263
7045,2024,1253,162.28070175438597
7046,2024,1254,346.89473684210526
7047,2024,1255,168.3859649122807
7048,2024,1256,102.64912280701755
7049,2024,1257,213.98245614035088
7050,2024,1258,205.2280701754386
7051,2024,1259,348.7368421052632
7052,2024,1260,79.6140350877193
7053,2024,1261,89.24561403508773
7054,2024,1262,146.0
7055,2024,1263,235.0
7056,2024,1264,335.64912280701753
7057,2024,1265,217.24561403508773
7058,2024,1266,11.94915254237288
7059,2024,1267,241.56140350877192
7060,2024,1268,81.15789473684211
7061,2024,1269,91.80701754385964
7062,2024,1270,66.6842105263158
7063,2024,1271,345.87719298245617
7064,2024,1272,69.0701754385965
7065,2024,1273,217.71929824561403
7066,2024,1274,102.40350877192982
7067,2024,1275,246.94736842105263
7068,2024,1276,144.140350877193
7069,2024,1277,31.45614035087719
7070,2024,1278,85.59649122807018
7071,2024,1279,77.98245614035088
7072,2024,1280,34.45614035087719
7073,2024,1281,174.12280701754386
7074,2024,1282,229.2280701754386
7075,2024,1283,146.47368421052633
7076,2024,1284,185.1578947368421
7077,2024,1285,147.7719298245614
7078,2024,1286,220.33333333333334
7079,2024,1287,116.43859649122807
7080,2024,1288,330.70175438596493
7081,2024,1290,361.6140350877193
7082,2024,1291,264.17543859649123
7083,2024,1292,255.5438596491228
7084,2024,1293,183.3859649122807
7085,2024,1294,199.43859649122808
7086,2024,1295,261.4736842105263
7087,2024,1296,288.9298245614035
7088,2024,1297,192.24561403508773
7089,2024,1298,317.6666666666667
7090,2024,1299,340.36842105263156
7091,2024,1300,255.6140350877193
7092,2024,1301,57.666666666666664
7093,2024,1303,275.87719298245617
7094,2024,1304,29.649122807017545
7095,2024,1305,32.24561403508772
7096,2024,1306,229.56140350877192
7097,2024,1307,25.789473684210527
7098,2024,1308,272.89473684210526
7099,2024,1309,341.05263157894734
7100,2024,1310,265.9298245614035
7101,2024,1311,221.21052631578948
7102,2024,1312,331.140350877193
7103,2024,1313,218.6140350877193
7104,2024,1314,7.101694915254237
7105,2024,1315,233.4561403508772
7106,2024,1316,245.87719298245614
7107,2024,1317,92.35087719298245
7108,2024,1318,248.21052631578948
7109,2024,1319,294.280701754386
7110,2024,1320,109.94736842105263
7111,2024,1321,44.26315789473684
7112,2024,1322,331.1929824561403
7113,2024,1323,129.91228070175438
7114,2024,1324,121.94736842105263
7115,2024,1325,144.89473684210526
7116,2024,1326,47.29824561403509
7117,2024,1328,44.94736842105263
7118,2024,1329,124.29824561403508
7119,2024,1330,302.4035087719298
7120,2024,1331,281.6842105263158
7121,2024,1332,49.771929824561404
7122,2024,1333,151.71929824561403
7123,2024,1334,349.3333333333333
7124,2024,1335,226.42105263157896
7125,2024,1336,88.0701754385965
7126,2024,1337,229.6140350877193
7127,2024,1338,41.6140350877193
7128,2024,1339,276.56140350877195
7129,2024,1340,246.91228070175438
7130,2024,1341,336.29824561403507
7131,2024,1342,282.5263157894737
7132,2024,1343,65.2280701754386
7133,2024,1344,56.666666666666664
7134,2024,1345,2.9661016949152543
7135,2024,1346,155.47368421052633
7136,2024,1347,232.4561403508772
7137,2024,1348,210.01754385964912
7138,2024,1349,229.21052631578948
7139,2024,1350,73.75438596491227
7140,2024,1351,225.78947368421052
7141,2024,1352,308.03508771929825
7142,2024,1353,101.9298245614035
7143,2024,1354,302.3157894736842
7144,2024,1355,142.40350877192984
7145,2024,1356,125.03508771929825
7146,2024,1357,293.36842105263156
7147,2024,1358,138.0
7148,2024,1359,74.26315789473684
7149,2024,1360,227.87719298245614
7150,2024,1361,25.847457627118644
7151,2024,1362,76.17543859649123
7152,2024,1363,247.03508771929825
7153,2024,1364,213.5438596491228
7154,2024,1365,104.89473684210526
7155,2024,1367,297.89473684210526
7156,2024,1368,293.50877192982455
7157,2024,1369,347.8070175438597
7158,2024,1370,128.49122807017545
7159,2024,1371,60.64912280701754
7160,2024,1372,175.40350877192984
7161,2024,1373,353.5438596491228
7162,2024,1374,81.89473684210526
7163,2024,1375,232.87719298245614
7164,2024,1376,35.610169491525426
7165,2024,1377,320.82456140350877
7166,2024,1378,75.52631578947368
7167,2024,1379,232.43859649122808
7168,2024,1380,253.80701754385964
7169,2024,1381,271.82456140350877
7170,2024,1382,98.87719298245614
7171,2024,1384,352.6140350877193
7172,2024,1385,37.70175438596491
7173,2024,1386,96.3157894736842
7174,2024,1387,183.47368421052633
7175,2024,1388,23.271186440677965
7176,2024,1389,192.7017543859649
7177,2024,1390,115.54385964912281
7178,2024,1391,185.80701754385964
7179,2024,1392,163.6140350877193
7180,2024,1393,75.2280701754386
7181,2024,1394,187.12280701754386
7182,2024,1395,37.29824561403509
7183,2024,1396,183.3859649122807
7184,2024,1397,6.627118644067797
7185,2024,1398,275.1929824561403
7186,2024,1399,333.0
7187,2024,1400,33.35087719298246
7188,2024,1401,46.92982456140351
7189,2024,1402,191.08771929824562
7190,2024,1403,26.16949152542373
7191,2024,1404,202.26315789473685
7192,2024,1405,126.3157894736842
7193,2024,1406,140.96491228070175
7194,2024,1407,135.33333333333334
7195,2024,1408,149.50877192982455
7196,2024,1409,188.03508771929825
7197,2024,1410,335.9298245614035
7198,2024,1411,266.94736842105266
7199,2024,1412,90.28070175438596
7200,2024,1413,163.87719298245614
7201,2024,1414,82.28070175438596
7202,2024,1415,216.78947368421052
7203,2024,1416,66.80701754385964
7204,2024,1417,105.01754385964912
7205,2024,1418,156.89473684210526
7206,2024,1419,294.719298245614
7207,2024,1420,286.2105263157895
7208,2024,1421,152.21052631578948
7209,2024,1422,139.35087719298247
7210,2024,1423,118.47368421052632
7211,2024,1424,73.89473684210526
7212,2024,1425,88.94736842105263
7213,2024,1426,123.87719298245614
7214,2024,1427,258.859649122807
7215,2024,1428,56.87719298245614
7216,2024,1429,37.91525423728814
7217,2024,1430,177.3859649122807
7218,2024,1431,180.19298245614036
7219,2024,1433,76.0
7220,2024,1434,304.2280701754386
7221,2024,1435,185.94736842105263
7222,2024,1436,89.75438596491227
7223,2024,1437,51.24561403508772
7224,2024,1438,55.19298245614035
7225,2024,1439,66.42105263157895
7226,2024,1440,357.10526315789474
7227,2024,1441,118.35087719298245
7228,2024,1442,244.28070175438597
7229,2024,1443,134.05263157894737
7230,2024,1444,293.3157894736842
7231,2024,1447,289.9122807017544
7232,2024,1448,46.94736842105263
7233,2024,1449,73.12280701754386
7234,2024,1450,38.43103448275862
7235,2024,1451,154.50877192982455
7236,2024,1452,149.859649122807
7237,2024,1453,225.68421052631578
7238,2024,1454,206.71929824561403
7239,2024,1455,151.96491228070175
7240,2024,1456,317.2105263157895
7241,2024,1457,192.31578947368422
7242,2024,1458,22.779661016949152
7243,2024,1459,196.05263157894737
7244,2024,1460,165.17543859649123
7245,2024,1461,155.7017543859649
7246,2024,1462,71.14035087719299
7247,2024,1463,85.03508771929825
7248,2024,1464,139.42105263157896
7249,2024,1465,214.8421052631579
7250,2024,1466,247.50877192982455
7251,2024,1467,214.64912280701753
7252,2024,1468,317.9824561403509
7253,2024,1469,284.2105263157895
7254,2024,1470,124.3859649122807
7255,2024,1471,130.26315789473685
7256,2024,1472,177.49122807017545
7257,2024,1473,351.6842105263158
7258,2024,1474,259.6666666666667
7259,2024,1475,334.7543859649123
7260,2024,1476,356.94736842105266
7261,2024,1477,321.5964912280702
7262,2024,1478,305.56140350877195
7263,2025,1101,226.96296296296296
7264,2025,1102,314.51851851851853
7265,2025,1103,82.92592592592592
7266,2025,1104,5.553571428571429
7267,2025,1105,352.72222222222223
7268,2025,1106,258.6296296296296
7269,2025,1107,264.44444444444446
7270,2025,1108,320.4074074074074
7271,2025,1110,212.11111111111111
7272,2025,1111,180.87037037037038
7273,2025,1112,18.285714285714285
7274,2025,1113,85.79629629629629
7275,2025,1114,231.8148148148148
7276,2025,1115,360.0925925925926
7277,2025,1116,42.68518518518518
7278,2025,1117,91.5925925925926
7279,2025,1119,293.0925925925926
7280,2025,1120,2.3214285714285716
7281,2025,1122,273.24074074074076
7282,2025,1123,276.25925925925924
7283,2025,1124,37.148148148148145
7284,2025,1125,114.61111111111111
7285,2025,1126,265.44444444444446
7286,2025,1127,305.2962962962963
7287,2025,1129,49.24074074074074
7288,2025,1130,185.94444444444446
7289,2025,1131,284.3888888888889
7290,2025,1132,281.85185185185185
7291,2025,1133,77.70370370370371
7292,2025,1135,207.5
7293,2025,1136,143.16666666666666
7294,2025,1137,216.57407407407408
7295,2025,1138,333.1296296296296
7296,2025,1139,95.61111111111111
7297,2025,1140,23.75
7298,2025,1141,231.0
7299,2025,1142,187.35185185185185
7300,2025,1143,131.92592592592592
7301,2025,1144,236.83333333333334
7302,2025,1145,354.31481481481484
7303,2025,1146,338.75925925925924
7304,2025,1148,165.7962962962963
7305,2025,1149,303.537037037037
7306,2025,1150,261.8333333333333
7307,2025,1151,106.0
7308,2025,1152,356.74074074074076
7309,2025,1153,58.7962962962963
7310,2025,1154,358.35849056603774
7311,2025,1155,17.875
7312,2025,1156,162.72222222222223
7313,2025,1157,324.5740740740741
7314,2025,1158,121.27777777777777
7315,2025,1159,260.5925925925926
7316,2025,1160,93.29629629629629
7317,2025,1161,43.55555555555556
7318,2025,1162,279.5925925925926
7319,2025,1163,34.0
7320,2025,1164,356.1111111111111
7321,2025,1165,133.46296296296296
7322,2025,1166,34.18518518518518
7323,2025,1167,244.77777777777777
7324,2025,1168,343.3888888888889
7325,2025,1169,116.12962962962963
7326,2025,1170,343.64814814814815
7327,2025,1171,211.62962962962962
7328,2025,1172,153.87037037037038
7329,2025,1173,67.0925925925926
7330,2025,1174,230.37037037037038
7331,2025,1175,295.5925925925926
7332,2025,1176,306.77777777777777
7333,2025,1177,132.5
7334,2025,1178,331.1111111111111
7335,2025,1179,47.25925925925926
7336,2025,1180,189.09259259259258
7337,2025,1181,2.2142857142857144
7338,2025,1182,158.16666666666666
7339,2025,1183,314.64814814814815
7340,2025,1184,190.44444444444446
7341,2025,1185,254.35185185185185
7342,2025,1186,302.25925925925924
7343,2025,1187,168.33333333333334
7344,2025,1188,206.62962962962962
7345,2025,1189,205.03703703703704
7346,2025,1190,160.94444444444446
7347,2025,1191,250.72222222222223
7348,2025,1192,310.77777777777777
7349,2025,1193,315.1666666666667
7350,2025,1194,119.62962962962963
7351,2025,1195,181.46296296296296
7352,2025,1196,2.642857142857143
7353,2025,1197,302.05555555555554
7354,2025,1198,276.81481481481484
7355,2025,1199,94.37037037037037
7356,2025,1200,231.33333333333334
7357,2025,1201,285.8888888888889
7358,2025,1202,116.42592592592592
7359,2025,1203,118.16666666666667
7360,2025,1204,238.59259259259258
7361,2025,1205,270.2962962962963
7362,2025,1206,65.31481481481481
7363,2025,1207,98.77777777777777
7364,2025,1208,34.77777777777778
7365,2025,1209,254.96296296296296
7366,2025,1210,102.64814814814815
7367,2025,1211,17.767857142857142
7368,2025,1212,324.9074074074074
7369,2025,1213,81.94444444444444
7370,2025,1214,213.88888888888889
7371,2025,1217,242.62962962962962
7372,2025,1218,216.57407407407408
7373,2025,1219,75.33333333333333
7374,2025,1220,229.62962962962962
7375,2025,1221,311.51851851851853
7376,2025,1222,3.3392857142857144
7377,2025,1223,292.462962962963
7378,2025,1224,312.25925925925924
7379,2025,1225,269.037037037037
7380,2025,1226,230.2962962962963
7381,2025,1227,161.7962962962963
7382,2025,1228,23.62962962962963
7383,2025,1229,133.77777777777777
7384,2025,1230,261.4074074074074
7385,2025,1231,48.166666666666664
7386,2025,1232,203.16666666666666
7387,2025,1233,242.7037037037037
7388,2025,1234,69.29629629629629
7389,2025,1235,15.267857142857142
7390,2025,1236,165.05555555555554
7391,2025,1237,316.5
7392,2025,1238,250.61111111111111
7393,2025,1239,182.75925925925927
7394,2025,1240,119.33333333333333
7395,2025,1241,146.64814814814815
7396,2025,1242,24.944444444444443
7397,2025,1243,73.14814814814815
7398,2025,1244,137.92592592592592
7399,2025,1245,123.70370370370371
7400,2025,1246,15.357142857142858
7401,2025,1247,206.14814814814815
7402,2025,1248,293.9074074074074
7403,2025,1249,172.94444444444446
7404,2025,1250,299.75925925925924
7405,2025,1251,61.870370370370374
7406,2025,1252,97.35185185185185
7407,2025,1253,315.44444444444446
7408,2025,1254,284.9259259259259
7409,2025,1255,211.42592592592592
7410,2025,1256,124.5925925925926
7411,2025,1257,17.625
7412,2025,1258,152.03703703703704
7413,2025,1259,311.75925925925924
7414,2025,1260,96.38888888888889
7415,2025,1261,91.18518518518519
7416,2025,1262,241.33333333333334
7417,2025,1263,214.0185185185185
7418,2025,1264,234.53703703703704
7419,2025,1265,231.03703703703704
7420,2025,1266,27.836363636363636
7421,2025,1267,166.33333333333334
7422,2025,1268,13.125
7423,2025,1269,216.2037037037037
7424,2025,1270,64.07407407407408
7425,2025,1271,357.18518518518516
7426,2025,1272,32.55357142857143
7427,2025,1273,266.6296296296296
7428,2025,1274,214.6851851851852
7429,2025,1275,128.5
7430,2025,1276,18.928571428571427
7431,2025,1277,8.482142857142858
7432,2025,1278,90.75925925925925
7433,2025,1279,24.48148148148148
7434,2025,1280,32.68518518518518
7435,2025,1281,22.660714285714285
7436,2025,1282,259.24074074074076
7437,2025,1283,258.5925925925926
7438,2025,1284,252.6851851851852
7439,2025,1285,127.5
7440,2025,1286,205.42592592592592
7441,2025,1287,305.9259259259259
7442,2025,1288,326.44444444444446
7443,2025,1290,362.49056603773585
7444,2025,1291,209.3148148148148
7445,2025,1292,105.79629629629629
7446,2025,1293,151.4814814814815
7447,2025,1294,119.9074074074074
7448,2025,1295,145.5
7449,2025,1296,348.2037037037037
7450,2025,1297,213.96296296296296
7451,2025,1298,280.51851851851853
7452,2025,1299,335.5925925925926
7453,2025,1300,313.64814814814815
7454,2025,1301,139.66666666666666
7455,2025,1303,150.0
7456,2025,1304,60.31481481481482
7457,2025,1305,96.96296296296296
7458,2025,1306,348.7962962962963
7459,2025,1307,37.18518518518518
7460,2025,1308,146.46296296296296
7461,2025,1309,348.64814814814815
7462,2025,1310,314.01851851851853
7463,2025,1311,173.4814814814815
7464,2025,1312,353.35185185185185
7465,2025,1313,163.11111111111111
7466,2025,1314,36.74074074074074
7467,2025,1315,277.68518518518516
7468,2025,1316,257.14814814814815
7469,2025,1317,72.98148148148148
7470,2025,1318,200.87037037037038
7471,2025,1319,247.1851851851852
7472,2025,1320,101.61111111111111
7473,2025,1321,59.425925925925924
7474,2025,1322,231.8148148148148
7475,2025,1323,114.31481481481481
7476,2025,1324,190.77777777777777
7477,2025,1325,186.40740740740742
7478,2025,1326,48.148148148148145
7479,2025,1328,42.74074074074074
7480,2025,1329,102.66666666666667
7481,2025,1330,275.72222222222223
7482,2025,1331,327.7962962962963
7483,2025,1332,26.236363636363638
7484,2025,1333,93.31481481481481
7485,2025,1334,297.6111111111111
7486,2025,1335,291.3333333333333
7487,2025,1336,70.38888888888889
7488,2025,1337,226.77777777777777
7489,2025,1338,71.98148148148148
7490,2025,1339,268.22222222222223
7491,2025,1340,207.90740740740742
7492,2025,1341,358.8333333333333
7493,2025,1342,251.27777777777777
7494,2025,1343,159.37037037037038
7495,2025,1344,122.61111111111111
7496,2025,1345,19.660714285714285
7497,2025,1346,193.83333333333334
7498,2025,1347,160.90740740740742
7499,2025,1348,146.38888888888889
7500,2025,1349,221.03703703703704
7501,2025,1350,242.74074074074073
7502,2025,1351,295.2962962962963
7503,2025,1352,122.46296296296296
7504,2025,1353,79.12962962962963
7505,2025,1354,202.90740740740742
7506,2025,1355,142.1851851851852
7507,2025,1356,196.07407407407408
7508,2025,1357,263.0
7509,2025,1358,200.57407407407408
7510,2025,1359,116.81481481481481
7511,2025,1360,317.9259259259259
7512,2025,1361,50.407407407407405
7513,2025,1362,59.370370370370374
7514,2025,1363,176.77777777777777
7515,2025,1364,149.94444444444446
7516,2025,1365,64.5925925925926
7517,2025,1367,348.2037037037037
7518,2025,1368,214.2962962962963
7519,2025,1369,196.66666666666666
7520,2025,1370,181.03703703703704
7521,2025,1371,218.24074074074073
7522,2025,1372,274.01851851851853
7523,2025,1373,256.14814814814815
7524,2025,1374,50.370370370370374
7525,2025,1375,135.09259259259258
7526,2025,1376,91.94444444444444
7527,2025,1377,225.03703703703704
7528,2025,1378,204.96296296296296
7529,2025,1379,303.1296296296296
7530,2025,1380,220.42592592592592
7531,2025,1381,300.1111111111111
7532,2025,1382,98.9074074074074
7533,2025,1384,291.037037037037
7534,2025,1385,9.142857142857142
7535,2025,1386,78.5925925925926
7536,2025,1387,108.29629629629629
7537,2025,1388,23.214285714285715
7538,2025,1389,286.7037037037037
7539,2025,1390,76.14814814814815
7540,2025,1391,345.0
7541,2025,1392,328.31481481481484
7542,2025,1393,125.9074074074074
7543,2025,1394,180.14814814814815
7544,2025,1395,78.88888888888889
7545,2025,1396,166.3148148148148
7546,2025,1397,5.803571428571429
7547,2025,1398,251.66666666666666
7548,2025,1399,296.0
7549,2025,1400,49.44444444444444
7550,2025,1401,19.232142857142858
7551,2025,1402,210.11111111111111
7552,2025,1403,12.339285714285714
7553,2025,1404,294.7962962962963
7554,2025,1405,201.74074074074073
7555,2025,1406,135.2037037037037
7556,2025,1407,101.96296296296296
7557,2025,1408,143.8148148148148
7558,2025,1409,255.8148148148148
7559,2025,1410,249.88888888888889
7560,2025,1411,288.7037037037037
7561,2025,1412,100.12962962962963
7562,2025,1413,228.16666666666666
7563,2025,1414,60.94444444444444
7564,2025,1415,134.72222222222223
7565,2025,1416,73.22222222222223
7566,2025,1417,28.444444444444443
7567,2025,1418,293.4074074074074
7568,2025,1419,345.8703703703704
7569,2025,1420,303.8333333333333
7570,2025,1421,178.61111111111111
7571,2025,1422,153.1851851851852
7572,2025,1423,94.61111111111111
7573,2025,1424,97.03703703703704
7574,2025,1425,69.92592592592592
7575,2025,1426,243.94444444444446
7576,2025,1427,215.24074074074073
7577,2025,1428,81.12962962962963
7578,2025,1429,42.166666666666664
7579,2025,1430,102.57407407407408
7580,2025,1431,158.75925925925927
7581,2025,1433,34.907407407407405
7582,2025,1434,210.53703703703704
7583,2025,1435,47.851851851851855
7584,2025,1436,204.5
7585,2025,1437,65.0
7586,2025,1438,108.11111111111111
7587,2025,1439,155.27777777777777
7588,2025,1440,290.51851851851853
7589,2025,1441,337.2037037037037
7590,2025,1442,334.4259259259259
7591,2025,1443,158.59259259259258
7592,2025,1444,284.7962962962963
7593,2025,1447,330.3888888888889
7594,2025,1448,62.388888888888886
7595,2025,1449,118.87037037037037
7596,2025,1450,111.46296296296296
7597,2025,1451,297.68518518518516
7598,2025,1452,49.68518518518518
7599,2025,1453,342.27777777777777
7600,2025,1454,140.27777777777777
7601,2025,1455,131.09259259259258
7602,2025,1456,217.72222222222223
7603,2025,1457,146.12962962962962
7604,2025,1458,14.089285714285714
7605,2025,1459,143.42592592592592
7606,2025,1460,230.75925925925927
7607,2025,1461,205.74074074074073
7608,2025,1462,44.833333333333336
7609,2025,1463,74.4074074074074
7610,2025,1464,184.64814814814815
7611,2025,1465,175.9814814814815
7612,2025,1466,123.53703703703704
7613,2025,1467,191.0185185185185
7614,2025,1468,346.5
7615,2025,1469,320.01851851851853
7616,2025,1470,284.35185185185185
7617,2025,1471,40.166666666666664
7618,2025,1472,130.2037037037037
7619,2025,1473,304.18518518518516
7620,2025,1474,200.6851851851852
7621,2025,1475,330.0925925925926
7622,2025,1476,313.24074074074076
7623,2025,1477,338.78846153846155
7624,2025,1478,347.2037037037037
7625,2025,1479,323.0925925925926
7626,2025,1480,345.01851851851853
